cell_barcode,leiden,reference_annotation
AAACATACAACCAC-1,0,CD4+/CD45RO+ Memory
AAACATTGAGCTAC-1,3,CD19+ B
AAACATTGATCAGC-1,0,CD4+/CD25 T Reg
AAACCGTGCTTCCG-1,1,CD14+ Monocyte
AAACCGTGTATGCG-1,2,CD56+ NK
AAACGCACTGGTAC-1,0,CD4+/CD25 T Reg
AAACGCTGACCAGT-1,0,CD56+ NK
AAACGCTGGTTCTT-1,0,CD56+ NK
AAACGCTGTAGCCA-1,2,CD56+ NK
AAACGCTGTTTCTG-1,1,CD14+ Monocyte
AAACTTGAAAAACG-1,3,CD19+ B
AAACTTGATCCAGA-1,0,CD4+/CD25 T Reg
AAAGAGACGAGATA-1,0,CD4+/CD25 T Reg
AAAGAGACGCGAGA-1,1,CD14+ Monocyte
AAAGAGACGGACTT-1,2,CD8+ Cytotoxic T
AAAGAGACGGCATT-1,0,CD4+/CD25 T Reg
AAAGCAGATATCGG-1,1,CD14+ Monocyte
AAAGCCTGTATGCG-1,0,CD4+/CD25 T Reg
AAAGGCCTGTCTAG-1,3,CD19+ B
AAAGTTTGATCACG-1,3,CD19+ B
AAAGTTTGGGGTGA-1,3,CD19+ B
AAAGTTTGTAGAGA-1,0,CD8+/CD45RA+ Naive Cytotoxic
AAAGTTTGTAGCGT-1,1,CD14+ Monocyte
AAATCAACAATGCC-1,3,CD19+ B
AAATCAACACCAGT-1,0,CD8+/CD45RA+ Naive Cytotoxic
AAATCAACCAGGAG-1,0,CD56+ NK
AAATCAACCCTATT-1,1,CD14+ Monocyte
AAATCAACGGAAGC-1,0,CD4+/CD45RA+/CD25- Naive T
AAATCAACTCGCAA-1,0,CD4+/CD45RO+ Memory
AAATCATGACCACA-1,1,CD14+ Monocyte
AAATCCCTCCACAA-1,2,CD56+ NK
AAATCCCTGCTATG-1,3,CD19+ B
AAATGTTGAACGAA-1,1,CD14+ Monocyte
AAATGTTGCCACAA-1,0,CD4+/CD25 T Reg
AAATGTTGTGGCAT-1,1,CD14+ Monocyte
AAATTCGAAGGTTC-1,0,CD4+/CD45RO+ Memory
AAATTCGAATCACG-1,1,CD14+ Monocyte
AAATTCGAGCTGAT-1,1,CD14+ Monocyte
AAATTCGAGGAGTG-1,0,CD8+/CD45RA+ Naive Cytotoxic
AAATTCGATTCTCA-1,2,CD56+ NK
AAATTGACACGACT-1,2,CD56+ NK
AAATTGACTCGCTC-1,0,CD56+ NK
AACAAACTCATTTC-1,0,CD4+/CD25 T Reg
AACAAACTTTCGTT-1,0,CD4+/CD45RO+ Memory
AACAATACGACGAG-1,0,CD4+/CD25 T Reg
AACACGTGCAGAGG-1,0,CD4+/CD25 T Reg
AACACGTGGAAAGT-1,0,CD4+/CD25 T Reg
AACACGTGGAACCT-1,1,CD14+ Monocyte
AACACGTGGCTACA-1,0,CD56+ NK
AACACGTGTACGAC-1,1,CD14+ Monocyte
AACAGCACAAGAGT-1,1,CD14+ Monocyte
AACATTGATGGGAG-1,1,CD14+ Monocyte
AACCAGTGATACCG-1,1,CD14+ Monocyte
AACCCAGATCGCTC-1,0,CD4+/CD25 T Reg
AACCGATGCTCCCA-1,0,CD4+/CD25 T Reg
AACCGATGGTCATG-1,3,CD19+ B
AACCGATGTTCTAC-1,1,CD14+ Monocyte
AACCGCCTAGCGTT-1,0,CD4+/CD25 T Reg
AACCGCCTCTACGA-1,1,CD14+ Monocyte
AACCTACTGTGAGG-1,1,CD14+ Monocyte
AACCTACTGTGTTG-1,0,CD4+/CD25 T Reg
AACCTTACGAGACG-1,0,CD4+/CD25 T Reg
AACCTTACGCGAGA-1,2,CD56+ NK
AACCTTACTAACGC-1,1,CD14+ Monocyte
AACCTTTGGACGGA-1,0,CD4+/CD25 T Reg
AACCTTTGTACGCA-1,1,CD14+ Monocyte
AACGCAACAAGTAG-1,0,CD4+/CD25 T Reg
AACGCATGACCCAA-1,0,CD4+/CD25 T Reg
AACGCATGCCTTCG-1,0,CD4+/CD25 T Reg
AACGCATGTACTTC-1,0,CD4+/CD45RO+ Memory
AACGCCCTCGGGAA-1,0,CD4+/CD25 T Reg
AACGCCCTCGTACA-1,2,CD56+ NK
AACGCCCTGGCATT-1,0,CD4+/CD25 T Reg
AACGTCGAGTATCG-1,2,CD56+ NK
AACGTGTGAAAGCA-1,0,CD4+/CD25 T Reg
AACGTGTGGCGGAA-1,3,CD19+ B
AACGTGTGTCCAAG-1,0,CD4+/CD25 T Reg
AACGTGTGTGCTTT-1,0,CD4+/CD25 T Reg
AACTACCTTAGAGA-1,0,CD4+/CD45RO+ Memory
AACTCACTCAAGCT-1,1,CD14+ Monocyte
AACTCACTTGGAGG-1,1,CD14+ Monocyte
AACTCGGAAAGTGA-1,2,CD56+ NK
AACTCGGAAGGTCT-1,1,CD14+ Monocyte
AACTCTTGCAGGAG-1,0,CD4+/CD25 T Reg
AACTGTCTCCCTTG-1,1,CD14+ Monocyte
AACTTGCTACGCTA-1,3,CD19+ B
AACTTGCTGGGACA-1,0,CD4+/CD25 T Reg
AAGAACGAGTGTTG-1,0,CD4+/CD25 T Reg
AAGAAGACGTAGGG-1,3,CD19+ B
AAGACAGAAGTCTG-1,3,CD19+ B
AAGACAGAGGATCT-1,0,CD4+/CD25 T Reg
AAGACAGATTACCT-1,1,CD14+ Monocyte
AAGAGATGGGTAGG-1,3,CD19+ B
AAGATGGAAAACAG-1,3,CD19+ B
AAGATGGAGAACTC-1,1,CD14+ Monocyte
AAGATGGAGATAAG-1,1,CD14+ Monocyte
AAGATTACAACCTG-1,0,CD4+/CD45RO+ Memory
AAGATTACAGATCC-1,1,CD14+ Monocyte
AAGATTACCCGTTC-1,1,CD14+ Monocyte
AAGATTACCGCCTT-1,4,Dendritic
AAGATTACCTCAAG-1,2,CD56+ NK
AAGATTACTCCTCG-1,1,CD14+ Monocyte
AAGCAAGAGCGAGA-1,0,CD8+ Cytotoxic T
AAGCAAGAGCTTAG-1,2,CD56+ NK
AAGCAAGAGGTGTT-1,2,CD56+ NK
AAGCACTGAGCAAA-1,3,CD19+ B
AAGCACTGCATACG-1,2,CD56+ NK
AAGCACTGGTTCTT-1,3,CD19+ B
AAGCCAACGTGTTG-1,0,CD4+/CD25 T Reg
AAGCCATGAACTGC-1,4,Dendritic
AAGCCATGACACGT-1,1,CD14+ Monocyte
AAGCCATGCGTGAT-1,0,CD4+/CD25 T Reg
AAGCCATGTCTCGC-1,0,CD56+ NK
AAGCCTGACATGCA-1,0,CD4+/CD25 T Reg
AAGCCTGACCGAAT-1,1,CD14+ Monocyte
AAGCGACTCCTCAC-1,1,CD14+ Monocyte
AAGCGACTGTGTCA-1,0,CD8+/CD45RA+ Naive Cytotoxic
AAGCGACTTACAGC-1,3,CD19+ B
AAGCGACTTTGACG-1,1,CD14+ Monocyte
AAGCGTACGTCTTT-1,0,CD8+ Cytotoxic T
AAGGCTTGCGAACT-1,2,CD56+ NK
AAGGTCACGGTTAC-1,1,CD14+ Monocyte
AAGGTCACTGTTTC-1,3,CD19+ B
AAGGTCACTTCCCG-1,2,CD56+ NK
AAGGTCTGACAGTC-1,0,CD4+/CD25 T Reg
AAGGTCTGCAGATC-1,0,CD4+/CD25 T Reg
AAGTAACTCTGAAC-1,1,CD14+ Monocyte
AAGTAACTGAGATA-1,3,CD19+ B
AAGTAGGATACAGC-1,2,CD56+ NK
AAGTATACCGAACT-1,0,CD4+/CD45RO+ Memory
AAGTCCGACTTGTT-1,0,CD4+/CD25 T Reg
AAGTCCGATAGAAG-1,0,CD8+/CD45RA+ Naive Cytotoxic
AAGTCTCTAGTCGT-1,0,CD4+/CD25 T Reg
AAGTCTCTCGGAGA-1,2,CD56+ NK
AAGTGGCTTGGAGG-1,3,CD19+ B
AAGTTCCTCATTCT-1,1,CD14+ Monocyte
AAGTTCCTTCTTAC-1,0,CD56+ NK
AATAAGCTCGAATC-1,0,CD4+/CD45RO+ Memory
AATAAGCTCGTTGA-1,0,CD4+/CD45RO+ Memory
AATACCCTGGACGA-1,3,CD19+ B
AATACCCTGGCATT-1,0,CD4+/CD25 T Reg
AATACTGAAAGGGC-1,2,CD56+ NK
AATACTGAATTGGC-1,2,CD56+ NK
AATAGGGAACCCTC-1,3,CD19+ B
AATAGGGAGAATGA-1,2,CD56+ NK
AATCAAACTATCGG-1,2,CD56+ NK
AATCCGGAATGCTG-1,3,CD19+ B
AATCCTACCGGTAT-1,0,CD4+/CD45RO+ Memory
AATCCTTGACGGGA-1,1,CD14+ Monocyte
AATCCTTGGTGAGG-1,2,CD56+ NK
AATCGGTGGAACTC-1,2,CD56+ NK
AATCGGTGTGCTTT-1,0,CD4+/CD45RA+/CD25- Naive T
AATCTAGAAAAGTG-1,0,CD4+/CD25 T Reg
AATCTAGAATCGGT-1,0,CD4+/CD25 T Reg
AATCTCACAGCCTA-1,1,CD14+ Monocyte
AATCTCACTCTAGG-1,0,CD4+/CD25 T Reg
AATCTCTGAACAGA-1,0,CD4+/CD25 T Reg
AATCTCTGCTTTAC-1,2,CD56+ NK
AATGATACACCAAC-1,2,CD56+ NK
AATGATACGGTCAT-1,1,CD14+ Monocyte
AATGCGTGACACCA-1,3,CD19+ B
AATGCGTGGACGGA-1,4,Dendritic
AATGCGTGGCTATG-1,3,CD19+ B
AATGGAGAATCGTG-1,1,CD14+ Monocyte
AATGGAGATCCTTA-1,2,CD8+ Cytotoxic T
AATGGCTGACACCA-1,3,CD19+ B
AATGGCTGCGTGAT-1,0,CD4+/CD25 T Reg
AATGGCTGTAAAGG-1,0,CD8+ Cytotoxic T
AATGGCTGTACTCT-1,2,CD56+ NK
AATGGCTGTGAAGA-1,0,CD4+/CD25 T Reg
AATGTAACGGTGGA-1,0,CD4+/CD45RO+ Memory
AATGTCCTCTTCTA-1,0,CD4+/CD25 T Reg
AATGTTGACAGTCA-1,0,CD4+/CD25 T Reg
AATGTTGAGTTGAC-1,1,CD14+ Monocyte
AATGTTGATCTACT-1,0,CD4+/CD45RO+ Memory
AATTACGAATTCCT-1,4,Dendritic
AATTACGACTTCTA-1,0,CD4+/CD25 T Reg
AATTACGAGTGAGG-1,0,CD4+/CD25 T Reg
AATTACGATTGGCA-1,3,CD19+ B
AATTCCTGCTCAGA-1,3,CD19+ B
AATTGATGTCGCAA-1,1,CD14+ Monocyte
AATTGTGACTTGGA-1,3,Dendritic
ACAAAGGAGGGTGA-1,0,CD4+/CD25 T Reg
ACAAATTGATTCTC-1,1,CD14+ Monocyte
ACAAATTGCTCAGA-1,1,CD14+ Monocyte
ACAAATTGTTGCGA-1,2,CD56+ NK
ACAACCGAGGGATG-1,2,CD56+ NK
ACAACCGAGTTACG-1,0,CD4+/CD45RO+ Memory
ACAAGAGAAGTCGT-1,1,CD14+ Monocyte
ACAAGAGACTTATC-1,0,CD4+/CD25 T Reg
ACAAGAGAGTTGAC-1,3,CD19+ B
ACAATCCTAACCGT-1,0,CD56+ NK
ACAATCCTTAGCGT-1,3,CD19+ B
ACAATTGACTGACA-1,2,CD56+ NK
ACAATTGATGACTG-1,2,CD56+ NK
ACACAGACCATACG-1,2,CD56+ NK
ACACCAGAGGGCAA-1,0,CD56+ NK
ACACCCTGGTGTTG-1,2,CD56+ NK
ACACGAACAGTTCG-1,0,CD4+/CD45RO+ Memory
ACACGATGACGCAT-1,2,CD56+ NK
ACACGATGATGTGC-1,1,CD14+ Monocyte
ACACGATGTCGTAG-1,2,CD56+ NK
ACACGATGTGGTCA-1,2,CD56+ NK
ACAGACACGGCATT-1,0,CD56+ NK
ACAGACACGTTGTG-1,0,CD4+/CD25 T Reg
ACAGCAACACCTAG-1,1,CD14+ Monocyte
ACAGCAACCTCAAG-1,1,CD14+ Monocyte
ACAGGTACCCCACT-1,0,CD4+/CD25 T Reg
ACAGGTACGCTGTA-1,2,CD8+ Cytotoxic T
ACAGGTACTGGTGT-1,2,CD56+ NK
ACAGTCGACCCAAA-1,0,CD4+/CD25 T Reg
ACAGTCGACCGATA-1,2,CD56+ NK
ACAGTGACTCACCC-1,0,CD56+ NK
ACAGTGACTCTATC-1,2,CD56+ NK
ACAGTGTGGTCACA-1,0,CD4+/CD25 T Reg
ACAGTGTGTTGCGA-1,1,CD14+ Monocyte
ACATCACTCTACTT-1,1,CD14+ Monocyte
ACATGGTGAAGCCT-1,0,CD4+/CD25 T Reg
ACATGGTGCAACCA-1,3,CD19+ B
ACATGGTGCGAGTT-1,0,CD56+ NK
ACATTCTGGCATAC-1,0,CD4+/CD25 T Reg
ACATTCTGGGAACG-1,1,CD14+ Monocyte
ACCAACGACATGCA-1,0,CD4+/CD25 T Reg
ACCACAGAAAGTAG-1,0,CD4+/CD25 T Reg
ACCACAGAGTTGGT-1,0,CD4+/CD45RO+ Memory
ACCACCTGTGTGCA-1,0,CD4+/CD25 T Reg
ACCACGCTACAGCT-1,0,CD4+/CD25 T Reg
ACCACGCTACCCAA-1,2,CD56+ NK
ACCACGCTGCGAGA-1,0,CD56+ NK
ACCACGCTGCTGTA-1,0,CD8+ Cytotoxic T
ACCAGCCTGACAGG-1,0,CD4+/CD45RO+ Memory
ACCAGTGAACGGTT-1,3,CD19+ B
ACCAGTGAATACCG-1,1,CD14+ Monocyte
ACCAGTGAGGGATG-1,0,CD8+/CD45RA+ Naive Cytotoxic
ACCAGTGATGACTG-1,1,CD14+ Monocyte
ACCATTACCTTCTA-1,0,CD4+/CD45RO+ Memory
ACCATTACGAGATA-1,0,CD4+/CD25 T Reg
ACCATTTGTCATTC-1,0,CD4+/CD25 T Reg
ACCCAAGAACTGTG-1,2,CD56+ NK
ACCCAAGAATTCCT-1,1,CD14+ Monocyte
ACCCAAGAGGACAG-1,0,CD4+/CD25 T Reg
ACCCAAGATTCACT-1,3,CD19+ B
ACCCACTGCGCCTT-1,1,CD14+ Monocyte
ACCCACTGGACAGG-1,0,CD8+/CD45RA+ Naive Cytotoxic
ACCCACTGGTTCAG-1,5,CD14+ Monocyte
ACCCACTGTCGTAG-1,1,CD14+ Monocyte
ACCCAGCTCAGAAA-1,0,CD4+/CD45RO+ Memory
ACCCAGCTGTTAGC-1,1,CD14+ Monocyte
ACCCAGCTTGCTTT-1,0,CD4+/CD25 T Reg
ACCCGTTGATGACC-1,3,CD19+ B
ACCCGTTGCTGCAA-1,0,CD56+ NK
ACCCGTTGCTTCTA-1,4,CD56+ NK
ACCCTCGACCTATT-1,0,CD56+ NK
ACCCTCGACGGTAT-1,3,CD19+ B
ACCCTCGATAAGGA-1,1,CD14+ Monocyte
ACCCTCGATCAAGC-1,1,CD14+ Monocyte
ACCGTGCTACCAGT-1,0,CD56+ NK
ACCGTGCTGGAACG-1,3,CD19+ B
ACCTATTGCTGAGT-1,3,CD19+ B
ACCTATTGTGCCCT-1,1,CD14+ Monocyte
ACCTCCGAGTCCTC-1,0,CD4+/CD25 T Reg
ACCTCCGATATGCG-1,0,CD4+/CD25 T Reg
ACCTCCGATGCTGA-1,0,CD4+/CD45RO+ Memory
ACCTCGTGAACCAC-1,2,CD56+ NK
ACCTGAGATATCGG-1,1,CD14+ Monocyte
ACCTGGCTAAGTAG-1,2,CD56+ NK
ACCTTTGACTCCCA-1,1,CD14+ Monocyte
ACCTTTGAGGAACG-1,1,CD14+ Monocyte
ACCTTTGAGGAAGC-1,1,CD14+ Monocyte
ACGAACACCTTGTT-1,2,CD56+ NK
ACGAACTGGCTATG-1,5,CD14+ Monocyte
ACGAAGCTCTCCAC-1,0,CD8+/CD45RA+ Naive Cytotoxic
ACGAAGCTCTGAGT-1,3,CD19+ B
ACGACCCTATCTCT-1,1,CD14+ Monocyte
ACGACCCTGATGAA-1,0,CD56+ NK
ACGACCCTTGACAC-1,3,CD19+ B
ACGACCCTTGACCA-1,0,CD4+/CD45RO+ Memory
ACGAGGGACAGGAG-1,4,Dendritic
ACGAGGGACGAACT-1,0,CD4+/CD25 T Reg
ACGAGGGATGTAGC-1,0,CD4+/CD25 T Reg
ACGAGTACCCTAAG-1,3,CD19+ B
ACGAGTACGAATCC-1,3,CD4+/CD25 T Reg
ACGATCGAGGACTT-1,2,CD56+ NK
ACGATCGAGTCACA-1,1,CD14+ Monocyte
ACGATGACAATGCC-1,0,CD4+/CD25 T Reg
ACGATGACTGGTCA-1,0,CD4+/CD25 T Reg
ACGATTCTACGGGA-1,2,CD8+ Cytotoxic T
ACGCAATGGTTCAG-1,2,CD56+ NK
ACGCACCTGTTAGC-1,3,CD19+ B
ACGCCACTGAACTC-1,1,CD14+ Monocyte
ACGCCGGAAACCAC-1,1,CD14+ Monocyte
ACGCCGGAAAGCCT-1,0,CD4+/CD25 T Reg
ACGCCGGAAATGCC-1,0,CD4+/CD25 T Reg
ACGCCTTGCTCCCA-1,1,CD14+ Monocyte
ACGCGGTGGCGAGA-1,0,CD4+/CD25 T Reg
ACGCGGTGTGTGGT-1,3,CD19+ B
ACGCGGTGTTTGCT-1,2,CD56+ NK
ACGCTCACAGTACC-1,0,CD4+/CD25 T Reg
ACGCTCACCCTTGC-1,0,CD4+/CD25 T Reg
ACGCTGCTGTTCTT-1,2,CD56+ NK
ACGGAACTCAGATC-1,2,CD56+ NK
ACGGAACTGTCGTA-1,1,CD14+ Monocyte
ACGGAGGACTCTTA-1,1,CD14+ Monocyte
ACGGATTGGGAGGT-1,3,CD19+ B
ACGGATTGGTTAGC-1,0,CD4+/CD25 T Reg
ACGGCTCTGAGCAG-1,0,CD4+/CD25 T Reg
ACGGCTCTTGCACA-1,0,CD4+/CD25 T Reg
ACGGTAACCGCTAA-1,0,CD56+ NK
ACGGTAACCTTCGC-1,2,CD56+ NK
ACGGTAACGGTGGA-1,0,CD8+/CD45RA+ Naive Cytotoxic
ACGGTAACTCGCAA-1,2,CD56+ NK
ACGGTATGAGTCGT-1,1,CD14+ Monocyte
ACGGTATGGGTATC-1,3,CD19+ B
ACGGTATGGTTGTG-1,3,CD19+ B
ACGGTCCTAACGGG-1,0,CD56+ NK
ACGGTCCTCGGGAA-1,0,CD4+/CD25 T Reg
ACGTAGACAACCAC-1,0,CD4+/CD45RO+ Memory
ACGTAGACTACAGC-1,3,CD19+ B
ACGTCAGAAACGAA-1,0,CD4+/CD25 T Reg
ACGTCAGAGAGCTT-1,1,CD14+ Monocyte
ACGTCAGAGGGATG-1,0,CD4+/CD25 T Reg
ACGTCCTGATAAGG-1,1,CD14+ Monocyte
ACGTCCTGTGAACC-1,1,CD14+ Monocyte
ACGTCGCTCCTGAA-1,2,CD56+ NK
ACGTCGCTCTATTC-1,1,Dendritic
ACGTCGCTTCTCAT-1,3,CD19+ B
ACGTGATGCCATGA-1,4,Dendritic
ACGTGATGGGTCTA-1,0,CD8+/CD45RA+ Naive Cytotoxic
ACGTGATGTAACCG-1,1,CD14+ Monocyte
ACGTGATGTGACAC-1,2,CD56+ NK
ACGTGCCTCCGTAA-1,0,CD4+/CD25 T Reg
ACGTGCCTTCTATC-1,2,CD56+ NK
ACGTTACTTTCCAT-1,0,CD4+/CD25 T Reg
ACGTTGGAAAAGCA-1,0,CD4+/CD25 T Reg
ACGTTGGAAACCTG-1,2,CD56+ NK
ACGTTGGACCGTAA-1,1,CD14+ Monocyte
ACGTTGGAGCCAAT-1,2,CD56+ NK
ACGTTGGATATGGC-1,3,CD19+ B
ACGTTGGATCAGGT-1,1,CD14+ Monocyte
ACGTTTACATCAGC-1,0,CD4+/CD25 T Reg
ACTAAAACCCACAA-1,0,CD56+ NK
ACTAAAACTCGACA-1,1,CD14+ Monocyte
ACTACGGAATTTCC-1,0,CD4+/CD25 T Reg
ACTACGGACCTATT-1,0,CD4+/CD25 T Reg
ACTACGGATCGCTC-1,0,CD4+/CD25 T Reg
ACTACTACTAAGGA-1,0,CD4+/CD45RO+ Memory
ACTAGGTGGAACCT-1,0,CD56+ NK
ACTAGGTGGAACTC-1,0,CD4+/CD45RO+ Memory
ACTATCACCTTGGA-1,2,CD56+ NK
ACTATCACTGCCAA-1,0,CD4+/CD25 T Reg
ACTCAGGACTGAAC-1,0,CD4+/CD25 T Reg
ACTCAGGATCTATC-1,3,CD19+ B
ACTCAGGATTCGTT-1,1,CD14+ Monocyte
ACTCCTCTCAACTG-1,0,CD4+/CD25 T Reg
ACTCGCACGAAAGT-1,1,CD14+ Monocyte
ACTCGCACTACGAC-1,1,CD14+ Monocyte
ACTCTCCTGACACT-1,0,CD4+/CD45RA+/CD25- Naive T
ACTCTCCTGCATAC-1,0,CD34+
ACTCTCCTGTTTGG-1,0,CD4+/CD25 T Reg
ACTGAGACAACCAC-1,2,CD56+ NK
ACTGAGACCCATAG-1,1,CD14+ Monocyte
ACTGAGACGTTGGT-1,3,CD19+ B
ACTGCCACACACGT-1,2,CD56+ NK
ACTGCCACTCCGTC-1,2,CD56+ NK
ACTGGCCTTCAGTG-1,2,CD56+ NK
ACTGTGGACGTGTA-1,2,CD56+ NK
ACTGTGGATCTAGG-1,3,CD4+/CD25 T Reg
ACTGTTACCCACAA-1,1,CD14+ Monocyte
ACTGTTACTGCAGT-1,0,CD8+/CD45RA+ Naive Cytotoxic
ACTTAAGAACCACA-1,0,CD8+/CD45RA+ Naive Cytotoxic
ACTTAAGATTACTC-1,4,Dendritic
ACTTAGCTGCGTAT-1,1,CD14+ Monocyte
ACTTAGCTGGGAGT-1,0,CD4+/CD25 T Reg
ACTTCAACAAGCAA-1,0,CD56+ NK
ACTTCAACGTAGGG-1,2,CD56+ NK
ACTTCCCTTTCCGC-1,0,CD56+ NK
ACTTCTGACATGCA-1,3,CD19+ B
ACTTGACTCCACAA-1,3,CD19+ B
ACTTGGGAGAAAGT-1,1,CD14+ Monocyte
ACTTGGGAGGTTTG-1,0,CD4+/CD25 T Reg
ACTTGGGATGTGAC-1,1,CD14+ Monocyte
ACTTGGGATTGACG-1,1,CD14+ Monocyte
ACTTGTACCTGTCC-1,0,CD4+/CD45RO+ Memory
ACTTTGTGGAAAGT-1,0,CD8+/CD45RA+ Naive Cytotoxic
ACTTTGTGGATAGA-1,1,CD14+ Monocyte
AGAAACGAAAGTAG-1,3,CD19+ B
AGAAAGTGCGCAAT-1,0,CD4+/CD45RO+ Memory
AGAAAGTGGGGATG-1,1,CD14+ Monocyte
AGAACAGAAATGCC-1,2,CD56+ NK
AGAACAGACGACTA-1,3,CD19+ B
AGAACAGAGACAAA-1,0,CD4+/CD25 T Reg
AGAACGCTTTGCTT-1,0,CD8+/CD45RA+ Naive Cytotoxic
AGAAGATGTGACTG-1,0,CD4+/CD25 T Reg
AGAATGGAAGAAGT-1,2,CD56+ NK
AGAATTTGTAACCG-1,0,CD4+/CD25 T Reg
AGAATTTGTAGAGA-1,0,CD4+/CD25 T Reg
AGACACACTGTAGC-1,0,CD4+/CD45RO+ Memory
AGACACTGTCAAGC-1,1,CD14+ Monocyte
AGACCTGAAGTAGA-1,1,CD14+ Monocyte
AGACCTGACCAACA-1,0,CD4+/CD25 T Reg
AGACCTGAGGAAGC-1,2,CD56+ NK
AGACGTACAGAGGC-1,0,CD4+/CD25 T Reg
AGACGTACCCCTAC-1,3,CD19+ B
AGACGTACCTCTTA-1,1,CD14+ Monocyte
AGACGTACTCGTGA-1,1,CD14+ Monocyte
AGACTGACCATCAG-1,2,CD56+ NK
AGACTGACCCTTTA-1,0,CD8+/CD45RA+ Naive Cytotoxic
AGACTTCTCATGCA-1,3,CD19+ B
AGAGATGACAGTCA-1,3,CD19+ B
AGAGATGACTGAAC-1,0,CD4+/CD45RA+/CD25- Naive T
AGAGATGAGGTTTG-1,1,CD14+ Monocyte
AGAGATGATCTCGC-1,3,CD19+ B
AGAGATGATTGTGG-1,0,CD4+/CD25 T Reg
AGAGCGGAGGCAAG-1,1,CD14+ Monocyte
AGAGTCTGGTCGTA-1,1,CD14+ Monocyte
AGAGTGCTCAGCTA-1,0,CD4+/CD25 T Reg
AGAGTGCTCGAATC-1,0,CD4+/CD25 T Reg
AGAGTGCTGTCATG-1,0,CD4+/CD25 T Reg
AGAGTGCTGTCCTC-1,2,CD56+ NK
AGAGTGCTGTGTTG-1,3,CD19+ B
AGATATACCCGTAA-1,2,CD56+ NK
AGATATACGATGAA-1,0,CD4+/CD45RO+ Memory
AGATATACTGTTCT-1,3,CD19+ B
AGATATTGCCTACC-1,2,CD56+ NK
AGATATTGGCCAAT-1,1,CD14+ Monocyte
AGATCGTGTCTGGA-1,1,CD14+ Monocyte
AGATCGTGTTTGTC-1,3,CD19+ B
AGATCTCTATCACG-1,3,CD19+ B
AGATTAACGTTCTT-1,1,CD14+ Monocyte
AGATTCCTATCGTG-1,0,CD4+/CD45RO+ Memory
AGATTCCTCACTTT-1,1,CD14+ Monocyte
AGATTCCTGACGAG-1,1,CD14+ Monocyte
AGATTCCTGTTCAG-1,2,CD56+ NK
AGCAAAGATATGCG-1,0,CD4+/CD45RA+/CD25- Naive T
AGCACAACAGTCTG-1,0,CD4+/CD25 T Reg
AGCACTGAGGGAGT-1,0,CD4+/CD25 T Reg
AGCACTGATATGCG-1,0,CD4+/CD45RO+ Memory
AGCACTGATGCTTT-1,4,Dendritic
AGCACTGATTGCGA-1,0,CD4+/CD25 T Reg
AGCATCGAAGATCC-1,0,CD4+/CD25 T Reg
AGCATCGAAGGGTG-1,3,CD19+ B
AGCATCGAGCTTCC-1,1,CD14+ Monocyte
AGCATCGAGTGAGG-1,0,CD4+/CD45RO+ Memory
AGCATCGATAACCG-1,1,CD14+ Monocyte
AGCATGACGATGAA-1,2,CD56+ NK
AGCCAATGGGGAGT-1,1,CD14+ Monocyte
AGCCAATGTATCTC-1,0,CD4+/CD25 T Reg
AGCCACCTGGATCT-1,2,CD56+ NK
AGCCGGTGCCAATG-1,0,CD4+/CD25 T Reg
AGCCGGTGTGTTTC-1,0,CD4+/CD25 T Reg
AGCCGTCTCAATCG-1,0,CD8+/CD45RA+ Naive Cytotoxic
AGCCGTCTGAGAGC-1,0,CD4+/CD25 T Reg
AGCCTCACGTTCGA-1,0,CD56+ NK
AGCCTCACTGTCAG-1,1,CD14+ Monocyte
AGCCTCTGCAGTTG-1,3,CD19+ B
AGCCTCTGCCAATG-1,2,CD56+ NK
AGCGAACTGGATCT-1,0,CD56+ NK
AGCGAACTTACTGG-1,0,CD4+/CD25 T Reg
AGCGATACGGAGCA-1,0,CD8+/CD45RA+ Naive Cytotoxic
AGCGATTGAGATCC-1,2,CD56+ NK
AGCGCCGAATCTCT-1,0,CD4+/CD25 T Reg
AGCGCCGACAGAGG-1,0,CD4+/CD45RO+ Memory
AGCGCTCTACCTTT-1,0,CD4+/CD25 T Reg
AGCGGCACCGGGAA-1,0,CD8+/CD45RA+ Naive Cytotoxic
AGCGGCTGATGTGC-1,0,CD4+/CD25 T Reg
AGCGGGCTTGCCAA-1,0,CD4+/CD25 T Reg
AGCGTAACATGCTG-1,0,CD4+/CD25 T Reg
AGCGTAACTGAGAA-1,1,CD14+ Monocyte
AGCTCGCTACTGGT-1,0,CD4+/CD25 T Reg
AGCTCGCTCTGCTC-1,0,CD8+/CD45RA+ Naive Cytotoxic
AGCTGAACCATACG-1,1,CD14+ Monocyte
AGCTGAACCTCTCG-1,0,CD4+/CD25 T Reg
AGCTGCCTTGGGAG-1,1,CD14+ Monocyte
AGCTGCCTTTCATC-1,0,CD4+/CD25 T Reg
AGCTGCCTTTCTGT-1,0,CD4+/CD25 T Reg
AGCTGTGATCCAAG-1,0,CD56+ NK
AGCTTTACAAGTAG-1,0,CD4+/CD25 T Reg
AGCTTTACACCAAC-1,2,CD56+ NK
AGCTTTACTCTCAT-1,3,CD19+ B
AGGAAATGAGGAGC-1,0,CD4+/CD25 T Reg
AGGAACCTCTTAGG-1,1,CD14+ Monocyte
AGGAACCTTGCCTC-1,2,CD56+ NK
AGGAATGATAACGC-1,0,CD8+ Cytotoxic T
AGGAATGATTTGTC-1,0,CD4+/CD25 T Reg
AGGAGTCTGGTTTG-1,0,CD4+/CD45RO+ Memory
AGGAGTCTTGTCAG-1,0,CD4+/CD25 T Reg
AGGATAGACATTTC-1,0,CD4+/CD45RO+ Memory
AGGATAGAGGATTC-1,2,CD56+ NK
AGGATGCTACTAGC-1,3,CD19+ B
AGGATGCTTTAGGC-1,2,CD56+ NK
AGGCAACTGAAGGC-1,0,CD4+/CD25 T Reg
AGGCAGGAGTACCA-1,2,CD56+ NK
AGGCCTCTAGTCGT-1,0,CD4+/CD25 T Reg
AGGCCTCTCGGAGA-1,0,CD4+/CD25 T Reg
AGGCCTCTCGTAAC-1,0,CD4+/CD25 T Reg
AGGGACGACGTTGA-1,0,CD4+/CD25 T Reg
AGGGACGAGTCAAC-1,2,CD56+ NK
AGGGACGAGTTGTG-1,0,CD4+/CD25 T Reg
AGGGACGATAGAGA-1,2,CD56+ NK
AGGGACGATGCATG-1,2,CD56+ NK
AGGGAGTGAGCCTA-1,0,CD4+/CD25 T Reg
AGGGCCACCATACG-1,0,CD4+/CD25 T Reg
AGGGCGCTAACCAC-1,1,CD14+ Monocyte
AGGGCGCTATGGTC-1,0,CD4+/CD25 T Reg
AGGGTGGACAGTCA-1,3,CD19+ B
AGGGTGGACTCAAG-1,1,CD14+ Monocyte
AGGGTGGAGTTGCA-1,2,CD56+ NK
AGGGTTTGTTCATC-1,1,CD14+ Monocyte
AGGTCATGAGTGTC-1,3,CD19+ B
AGGTCATGCTTATC-1,2,CD56+ NK
AGGTCTGATTCTCA-1,1,CD14+ Monocyte
AGGTGGGAAGAATG-1,0,CD4+/CD45RO+ Memory
AGGTGGGAAGTTCG-1,0,CD4+/CD25 T Reg
AGGTGTTGGTTACG-1,3,CD19+ B
AGGTTCGAACCTCC-1,1,CD14+ Monocyte
AGGTTCGAACGTAC-1,1,CD14+ Monocyte
AGGTTCGAGGGTGA-1,0,CD8+/CD45RA+ Naive Cytotoxic
AGTAAGGAGTTTGG-1,0,CD4+/CD25 T Reg
AGTAAGGATTCTTG-1,0,CD4+/CD25 T Reg
AGTAATACATCACG-1,2,CD56+ NK
AGTAATACCGAACT-1,3,CD19+ B
AGTAATTGTCCCAC-1,0,CD4+/CD25 T Reg
AGTACGTGAGGGTG-1,0,CD4+/CD25 T Reg
AGTACGTGCTGCAA-1,0,CD4+/CD25 T Reg
AGTACGTGCTTGGA-1,0,CD4+/CD45RO+ Memory
AGTACTCTACGTGT-1,3,CD19+ B
AGTACTCTCAACCA-1,2,CD56+ NK
AGTACTCTCGGTAT-1,0,CD56+ NK
AGTAGGCTTGCCTC-1,1,CD14+ Monocyte
AGTATAACTTGTCT-1,1,CD14+ Monocyte
AGTATCCTAGAACA-1,0,CD4+/CD25 T Reg
AGTCACGATGAGCT-1,2,CD56+ NK
AGTCAGACGAATAG-1,0,CD4+/CD45RO+ Memory
AGTCAGACGCTTAG-1,0,CD8+ Cytotoxic T
AGTCAGACTAGAGA-1,2,CD56+ NK
AGTCAGACTGCACA-1,0,CD4+/CD45RO+ Memory
AGTCCAGATATCTC-1,0,CD8+ Cytotoxic T
AGTCCAGATTTCAC-1,0,CD4+/CD25 T Reg
AGTCGAACCAACCA-1,0,CD4+/CD25 T Reg
AGTCGCCTCCGTAA-1,0,CD4+/CD25 T Reg
AGTCTACTAGGGTG-1,1,CD14+ Monocyte
AGTCTACTTGCATG-1,1,CD14+ Monocyte
AGTCTTACACCACA-1,0,CD8+/CD45RA+ Naive Cytotoxic
AGTCTTACTTCGCC-1,2,CD56+ NK
AGTCTTACTTCGGA-1,5,CD14+ Monocyte
AGTGACTGCAACTG-1,1,CD14+ Monocyte
AGTGTTCTAACCTG-1,0,CD4+/CD25 T Reg
AGTGTTCTATAAGG-1,0,CD56+ NK
AGTGTTCTCACTTT-1,1,CD14+ Monocyte
AGTTAAACCACTTT-1,0,CD4+/CD25 T Reg
AGTTATGAACAGTC-1,1,CD14+ Monocyte
AGTTATGACTGAGT-1,0,CD4+/CD25 T Reg
AGTTATGAGTTCAG-1,0,CD4+/CD25 T Reg
AGTTCTACCAGCTA-1,1,CD14+ Monocyte
AGTTCTTGAAGCCT-1,2,CD56+ NK
AGTTGTCTACTACG-1,0,CD4+/CD25 T Reg
AGTTTAGATGGTCA-1,0,CD4+/CD25 T Reg
AGTTTCACGGTCTA-1,2,CD56+ NK
AGTTTGCTACAGTC-1,0,CD4+/CD25 T Reg
AGTTTGCTACTGGT-1,2,CD56+ NK
AGTTTGCTCCAAGT-1,0,CD4+/CD45RO+ Memory
ATAAACACAGTGCT-1,3,CD19+ B
ATAAACACCACCAA-1,0,CD8+/CD45RA+ Naive Cytotoxic
ATAACAACATGCTG-1,1,CD14+ Monocyte
ATAACAACGTCTAG-1,0,CD4+/CD25 T Reg
ATAACAACTTTGTC-1,0,CD4+/CD25 T Reg
ATAACATGTACTCT-1,0,CD4+/CD25 T Reg
ATAACCCTGTTGGT-1,0,CD8+ Cytotoxic T
ATAACCCTTGGTAC-1,0,CD4+/CD45RO+ Memory
ATAAGTACGAATGA-1,3,CD19+ B
ATAAGTTGGTACGT-1,1,CD14+ Monocyte
ATAAGTTGTCTAGG-1,0,CD8+ Cytotoxic T
ATAATCGAGCTGAT-1,3,CD19+ B
ATAATCGATGGTTG-1,0,CD4+/CD25 T Reg
ATAATGACCTACTT-1,0,CD4+/CD45RO+ Memory
ATAATGACTCGTGA-1,1,CD14+ Monocyte
ATACAATGTTAGGC-1,0,CD4+/CD25 T Reg
ATACCACTCGTACA-1,1,CD14+ Monocyte
ATACCACTCTAAGC-1,4,Dendritic
ATACCACTGCCAAT-1,2,CD56+ NK
ATACCGGAATGCTG-1,4,Dendritic
ATACCGGACATTTC-1,1,CD14+ Monocyte
ATACCGGACTTCGC-1,0,CD4+/CD45RO+ Memory
ATACCGGAGGTGTT-1,1,CD14+ Monocyte
ATACCGGATCTCGC-1,0,CD4+/CD25 T Reg
ATACCTACGCATCA-1,0,CD4+/CD45RO+ Memory
ATACCTTGGGGCAA-1,0,CD8+/CD45RA+ Naive Cytotoxic
ATACGGACAGACTC-1,1,CD14+ Monocyte
ATACGGACCTACTT-1,1,CD14+ Monocyte
ATACGGACGAGGTG-1,3,CD19+ B
ATACGGACTATGCG-1,3,CD19+ B
ATACGGACTCTGGA-1,1,CD14+ Monocyte
ATACGTCTTAACGC-1,1,CD14+ Monocyte
ATACTCTGCTTCGC-1,1,CD14+ Monocyte
ATACTCTGGTATGC-1,2,CD56+ NK
ATAGATACCATGGT-1,0,CD4+/CD45RO+ Memory
ATAGATACGACGAG-1,0,CD4+/CD45RO+ Memory
ATAGATTGGTGTAC-1,3,CD19+ B
ATAGCCGAACGGAG-1,0,CD4+/CD25 T Reg
ATAGCGTGCAGATC-1,0,CD4+/CD45RO+ Memory
ATAGCGTGCCCTTG-1,1,CD14+ Monocyte
ATAGCGTGGTATCG-1,1,CD14+ Monocyte
ATAGCGTGTCTCTA-1,0,CD4+/CD45RO+ Memory
ATAGCTCTCTGATG-1,0,CD8+/CD45RA+ Naive Cytotoxic
ATAGCTCTGAGGTG-1,0,CD4+/CD25 T Reg
ATAGGAGAAACAGA-1,1,CD14+ Monocyte
ATAGGCTGTCAGAC-1,0,CD4+/CD25 T Reg
ATAGTCCTAGTGTC-1,1,CD14+ Monocyte
ATAGTCCTTGCATG-1,2,CD56+ NK
ATAGTCCTTGTCGA-1,0,CD4+/CD25 T Reg
ATAGTTGACAACTG-1,0,CD4+/CD25 T Reg
ATAGTTGACCCTCA-1,1,CD14+ Monocyte
ATAGTTGAGACGTT-1,0,CD4+/CD45RO+ Memory
ATAGTTGATAAGCC-1,0,CD4+/CD25 T Reg
ATATACGAAGCCAT-1,0,CD4+/CD45RO+ Memory
ATATACGAATTGGC-1,0,CD4+/CD25 T Reg
ATATAGTGGAATGA-1,1,CD14+ Monocyte
ATATGCCTAGATCC-1,1,CD14+ Monocyte
ATATGCCTGGACAG-1,0,CD8+/CD45RA+ Naive Cytotoxic
ATATGCCTTCTCTA-1,0,CD4+/CD25 T Reg
ATATGCCTTGGTAC-1,0,CD4+/CD25 T Reg
ATCAAATGAGCCTA-1,1,CD14+ Monocyte
ATCAAATGGGTAAA-1,1,CD14+ Monocyte
ATCAACCTAAACGA-1,0,CD4+/CD25 T Reg
ATCAACCTGAGGAC-1,0,CD8+/CD45RA+ Naive Cytotoxic
ATCAACCTTCTCTA-1,2,CD56+ NK
ATCAACCTTTGTCT-1,2,CD56+ NK
ATCACACTTTGTCT-1,0,CD4+/CD25 T Reg
ATCACGGATTTCGT-1,3,CD19+ B
ATCATCTGACACCA-1,5,CD34+
ATCATGCTAGAGTA-1,2,CD56+ NK
ATCATGCTGAACCT-1,3,CD19+ B
ATCCAGGACGCTAA-1,1,CD14+ Monocyte
ATCCAGGATGGAAA-1,0,CD4+/CD25 T Reg
ATCCATACTCCTTA-1,1,CD14+ Monocyte
ATCCATACTTCATC-1,1,CD14+ Monocyte
ATCCCGTGCAGTCA-1,2,CD56+ NK
ATCCCGTGCATGCA-1,3,CD19+ B
ATCCCGTGGCTGAT-1,3,CD19+ B
ATCCGCACGCATCA-1,3,CD19+ B
ATCCTAACGACGGA-1,3,CD19+ B
ATCCTAACGCTACA-1,0,CD56+ NK
ATCGACGAAACTGC-1,1,CD14+ Monocyte
ATCGACGAATGACC-1,0,CD8+/CD45RA+ Naive Cytotoxic
ATCGAGTGGACGTT-1,2,CD56+ NK
ATCGCAGAATCTCT-1,1,CD14+ Monocyte
ATCGCAGAGTGTCA-1,3,CD19+ B
ATCGCCACTGAGGG-1,2,CD56+ NK
ATCGCCTGGGTCAT-1,0,CD4+/CD45RO+ Memory
ATCGCCTGTGGCAT-1,3,CD19+ B
ATCGCGCTCAGAGG-1,1,CD14+ Monocyte
ATCGCGCTGGGATG-1,0,CD4+/CD25 T Reg
ATCGCGCTTTTCGT-1,3,CD19+ B
ATCGGAACCAGTCA-1,0,CD4+/CD25 T Reg
ATCGGTGAGTCAAC-1,0,CD4+/CD25 T Reg
ATCGGTGATTGCAG-1,0,CD4+/CD45RO+ Memory
ATCGTTTGCCTACC-1,1,CD14+ Monocyte
ATCGTTTGGGTACT-1,1,CD14+ Monocyte
ATCGTTTGTGCCAA-1,1,CD14+ Monocyte
ATCTACACCCGCTT-1,1,CD14+ Monocyte
ATCTACACCGGGAA-1,0,CD4+/CD25 T Reg
ATCTCAACAGGAGC-1,3,CD19+ B
ATCTCAACCTCGAA-1,0,CD4+/CD45RO+ Memory
ATCTCAACCTTGTT-1,1,CD14+ Monocyte
ATCTGGGAAACCAC-1,1,CD14+ Monocyte
ATCTGGGAAGTGTC-1,1,CD14+ Monocyte
ATCTGGGATTCCGC-1,0,CD56+ NK
ATCTGTTGAACGGG-1,0,CD4+/CD25 T Reg
ATCTGTTGACCTCC-1,0,CD4+/CD25 T Reg
ATCTGTTGCCTTCG-1,1,CD14+ Monocyte
ATCTGTTGGTTGCA-1,0,CD4+/CD25 T Reg
ATCTTGACACCAAC-1,0,CD4+/CD25 T Reg
ATCTTGACCTCCCA-1,1,CD14+ Monocyte
ATCTTTCTGCATCA-1,0,CD56+ NK
ATCTTTCTGTTTCT-1,2,CD56+ NK
ATCTTTCTTGTCCC-1,2,CD56+ NK
ATGAAACTCTGTGA-1,0,CD4+/CD25 T Reg
ATGAAACTGAGGCA-1,0,CD4+/CD25 T Reg
ATGAAGGAACAGCT-1,2,CD56+ NK
ATGAAGGACCTGTC-1,3,CD19+ B
ATGAAGGACCTTAT-1,3,CD19+ B
ATGAAGGACTAGTG-1,3,Dendritic
ATGAAGGACTTGCC-1,2,CD56+ NK
ATGACGTGACGACT-1,3,CD19+ B
ATGACGTGATCGGT-1,1,CD14+ Monocyte
ATGAGAGAAAGTGA-1,0,CD4+/CD25 T Reg
ATGAGAGAACGCAT-1,0,CD4+/CD25 T Reg
ATGAGAGAAGTAGA-1,3,CD19+ B
ATGAGCACACAGCT-1,0,CD4+/CD45RA+/CD25- Naive T
ATGAGCACATCTTC-1,0,CD4+/CD45RO+ Memory
ATGATAACTTCACT-1,2,CD56+ NK
ATGATATGAAACAG-1,0,CD4+/CD25 T Reg
ATGATATGACTGGT-1,0,CD4+/CD25 T Reg
ATGATATGAGCACT-1,0,CD4+/CD25 T Reg
ATGATATGGTCATG-1,0,CD4+/CD25 T Reg
ATGATATGGTGCTA-1,2,CD56+ NK
ATGATATGTTGTCT-1,1,CD14+ Monocyte
ATGCACGAATGTCG-1,3,CD19+ B
ATGCACGACTGTAG-1,0,CD4+/CD25 T Reg
ATGCACGAGAACCT-1,3,CD19+ B
ATGCACGAGTTCGA-1,0,CD4+/CD25 T Reg
ATGCACGATTGGTG-1,1,CD14+ Monocyte
ATGCAGTGTTACCT-1,3,CD19+ B
ATGCAGTGTTCTAC-1,0,CD4+/CD45RO+ Memory
ATGCCAGAACGACT-1,0,CD4+/CD25 T Reg
ATGCCAGACAGTCA-1,1,CD14+ Monocyte
ATGCCGCTTGAACC-1,1,CD14+ Monocyte
ATGCGATGCTATGG-1,1,CD14+ Monocyte
ATGCGATGCTGAGT-1,0,CD4+/CD45RO+ Memory
ATGCGATGGTTACG-1,3,CD19+ B
ATGCGCCTTCATTC-1,0,CD4+/CD45RO+ Memory
ATGCTTTGCGAATC-1,0,CD4+/CD45RO+ Memory
ATGCTTTGGGCGAA-1,2,CD56+ NK
ATGCTTTGTAGTCG-1,3,CD19+ B
ATGGACACATCGGT-1,0,CD4+/CD25 T Reg
ATGGACACGCATCA-1,2,CD56+ NK
ATGGGTACAACCTG-1,3,CD19+ B
ATGGGTACATCGGT-1,2,CD56+ NK
ATGGGTACTATTCC-1,0,CD4+/CD25 T Reg
ATGGGTACTGGGAG-1,0,CD4+/CD25 T Reg
ATGTAAACACCTCC-1,0,CD4+/CD25 T Reg
ATGTAAACCCGCTT-1,0,CD4+/CD25 T Reg
ATGTAAACGGGATG-1,4,Dendritic
ATGTAAACTCTCCG-1,0,CD56+ NK
ATGTAAACTTCACT-1,1,CD14+ Monocyte
ATGTACCTCAGTCA-1,0,CD4+/CD25 T Reg
ATGTACCTTAGTCG-1,0,CD4+/CD25 T Reg
ATGTACCTTTATCC-1,1,CD14+ Monocyte
ATGTACCTTTCACT-1,2,CD56+ NK
ATGTCACTAATGCC-1,1,CD14+ Monocyte
ATGTCACTCTGCTC-1,0,CD4+/CD25 T Reg
ATGTCGGAGGTGAG-1,0,CD4+/CD25 T Reg
ATGTTCACAGTCTG-1,1,CD14+ Monocyte
ATGTTCACCGTAGT-1,0,CD4+/CD45RO+ Memory
ATGTTGCTTTCAGG-1,0,CD4+/CD45RO+ Memory
ATTAACGATGAGAA-1,2,CD56+ NK
ATTAACGATGCAAC-1,2,CD56+ NK
ATTAAGACTGCAGT-1,0,CD4+/CD25 T Reg
ATTACCTGCCTTAT-1,1,CD14+ Monocyte
ATTACCTGGAGGAC-1,1,CD14+ Monocyte
ATTAGATGTTTCAC-1,0,CD4+/CD25 T Reg
ATTATGGAATCTCT-1,0,CD4+/CD45RO+ Memory
ATTCAAGAACGGGA-1,0,CD8+/CD45RA+ Naive Cytotoxic
ATTCAAGACCTTTA-1,0,CD4+/CD25 T Reg
ATTCAGCTCATTGG-1,5,Dendritic
ATTCCAACCATTGG-1,1,CD14+ Monocyte
ATTCCAACTTAGGC-1,2,CD56+ NK
ATTCGACTCACTAG-1,0,CD8+ Cytotoxic T
ATTCGACTGAATAG-1,1,CD14+ Monocyte
ATTCGACTTTTGTC-1,1,CD14+ Monocyte
ATTCGGGAAAGGCG-1,1,CD14+ Monocyte
ATTCGGGATTAGGC-1,0,CD4+/CD25 T Reg
ATTCTTCTGATACC-1,0,CD8+ Cytotoxic T
ATTGAATGGACGGA-1,0,CD4+/CD25 T Reg
ATTGATGAAGGTTC-1,0,CD4+/CD45RO+ Memory
ATTGATGACTGAGT-1,0,CD4+/CD25 T Reg
ATTGATGAGCGAAG-1,0,CD4+/CD25 T Reg
ATTGATGATCTATC-1,0,CD56+ NK
ATTGCACTGACGGA-1,0,CD8+/CD45RA+ Naive Cytotoxic
ATTGCACTGAGAGC-1,1,CD14+ Monocyte
ATTGCACTGGAGCA-1,1,CD14+ Monocyte
ATTGCACTTAGCCA-1,0,CD4+/CD45RO+ Memory
ATTGCACTTGCTTT-1,1,CD14+ Monocyte
ATTGCTTGTTACTC-1,3,CD19+ B
ATTGGTCTGACTAC-1,3,CD19+ B
ATTGGTCTTGTCTT-1,3,CD19+ B
ATTGTAGATTCCCG-1,4,Dendritic
ATTGTAGATTGCAG-1,0,CD8+ Cytotoxic T
ATTGTCTGCGTACA-1,0,CD4+/CD25 T Reg
ATTTAGGAACCATG-1,1,CD14+ Monocyte
ATTTAGGACAGAGG-1,0,CD4+/CD25 T Reg
ATTTCCGAGATGAA-1,0,CD4+/CD25 T Reg
ATTTCCGAGTGCTA-1,0,CD4+/CD25 T Reg
ATTTCGTGTATGGC-1,2,CD56+ NK
ATTTCTCTACTTTC-1,1,CD14+ Monocyte
ATTTCTCTAGCAAA-1,0,CD4+/CD25 T Reg
ATTTCTCTCACTTT-1,1,CD14+ Monocyte
ATTTCTCTTCCCAC-1,0,CD4+/CD25 T Reg
ATTTGCACAAGATG-1,1,CD14+ Monocyte
CAAAGCACAGCTCA-1,0,CD4+/CD25 T Reg
CAAAGCACCGTAAC-1,3,CD19+ B
CAAAGCACGGTAAA-1,2,CD56+ NK
CAAAGCTGAAAGTG-1,0,CD4+/CD45RO+ Memory
CAAAGCTGTTGCTT-1,1,CD14+ Monocyte
CAAATATGTGACAC-1,0,CD4+/CD25 T Reg
CAAATTGAGGGCAA-1,0,CD4+/CD25 T Reg
CAAATTGATGGAGG-1,1,CD14+ Monocyte
CAACCAGAAAAGTG-1,0,CD8+/CD45RA+ Naive Cytotoxic
CAACCAGAAGTGCT-1,0,CD4+/CD25 T Reg
CAACCAGAGTTCAG-1,1,CD14+ Monocyte
CAACCAGATAGAAG-1,1,CD14+ Monocyte
CAACCGCTGTTCAG-1,0,CD8+/CD45RA+ Naive Cytotoxic
CAACCGCTTTGAGC-1,0,CD4+/CD25 T Reg
CAACGATGCGCAAT-1,1,CD14+ Monocyte
CAACGTGACTCCAC-1,1,CD14+ Monocyte
CAACGTGAGCCATA-1,2,CD56+ NK
CAACGTGATCAAGC-1,1,CD14+ Monocyte
CAAGAAGACCACAA-1,2,CD8+ Cytotoxic T
CAAGAAGACGTCTC-1,1,CD14+ Monocyte
CAAGAAGATTCTAC-1,0,CD4+/CD25 T Reg
CAAGACTGACCTGA-1,3,CD19+ B
CAAGACTGAGTAGA-1,3,CD19+ B
CAAGCTGACCATAG-1,1,CD14+ Monocyte
CAAGCTGATCTATC-1,2,CD56+ NK
CAAGGACTGTTCAG-1,0,CD4+/CD25 T Reg
CAAGGACTTCTTTG-1,2,CD8+ Cytotoxic T
CAAGGTTGCTCCAC-1,0,CD4+/CD25 T Reg
CAAGGTTGTCATTC-1,3,CD19+ B
CAAGGTTGTCTGGA-1,2,CD56+ NK
CAAGTCGAAACAGA-1,3,CD19+ B
CAAGTCGATAGCGT-1,1,CD14+ Monocyte
CAATAAACGCCATA-1,1,CD14+ Monocyte
CAATAATGAACTGC-1,1,CD14+ Monocyte
CAATATGACATGGT-1,0,CD4+/CD25 T Reg
CAATATGACCTTCG-1,2,CD56+ NK
CAATATGACGTTAG-1,0,CD8+/CD45RA+ Naive Cytotoxic
CAATATGAGGAGCA-1,0,CD4+/CD25 T Reg
CAATCGGAGAAACA-1,0,CD4+/CD25 T Reg
CAATCTACTGACTG-1,2,CD56+ NK
CAATTCACCCAACA-1,2,CD56+ NK
CAATTCACGATAGA-1,0,CD4+/CD25 T Reg
CAATTCACTTGTGG-1,0,CD56+ NK
CAATTCTGCTTGTT-1,1,CD14+ Monocyte
CAATTCTGGCGTAT-1,1,CD14+ Monocyte
CACAACGATACGAC-1,0,CD8+/CD45RA+ Naive Cytotoxic
CACAATCTTGTTCT-1,0,CD8+ Cytotoxic T
CACAATCTTTCCAT-1,2,CD56+ NK
CACACCTGCTTGAG-1,0,CD4+/CD25 T Reg
CACACCTGTATGGC-1,0,CD4+/CD25 T Reg
CACAGAACCCTTGC-1,3,CD56+ NK
CACAGAACCTGATG-1,0,CD4+/CD25 T Reg
CACAGATGGGATTC-1,0,CD56+ NK
CACAGATGGTTTCT-1,1,CD14+ Monocyte
CACAGCCTGATACC-1,0,CD56+ NK
CACAGCCTTGCCAA-1,1,CD14+ Monocyte
CACAGCCTTGTAGC-1,0,CD4+/CD45RO+ Memory
CACAGTGATGAAGA-1,1,CD14+ Monocyte
CACATACTACAGCT-1,2,CD56+ NK
CACATGGAACACGT-1,0,CD4+/CD45RO+ Memory
CACATGGAAGTCGT-1,0,CD4+/CD45RO+ Memory
CACCACTGCCAACA-1,0,CD4+/CD25 T Reg
CACCACTGGCGAAG-1,2,CD56+ NK
CACCCATGTTCTGT-1,0,CD56+ NK
CACCGGGAATCGAC-1,0,CD4+/CD25 T Reg
CACCGGGACGAGAG-1,2,CD56+ NK
CACCGGGACGTGTA-1,0,CD4+/CD25 T Reg
CACCGGGACTTCTA-1,0,CD4+/CD25 T Reg
CACCGGGACTTGCC-1,2,CD56+ NK
CACCGGGATTCGGA-1,2,CD56+ NK
CACCGTACTAAGGA-1,3,CD19+ B
CACCGTACTAGCGT-1,0,CD4+/CD25 T Reg
CACCTGACACCCAA-1,2,CD56+ NK
CACCTGACCAGAAA-1,0,CD4+/CD25 T Reg
CACCTGACCTCAAG-1,2,CD56+ NK
CACCTGACGAAAGT-1,3,CD19+ B
CACCTGACTCGTAG-1,0,CD4+/CD45RO+ Memory
CACGAAACTTCCGC-1,3,CD19+ B
CACGACCTCGATAC-1,3,Dendritic
CACGCTACAGAAGT-1,0,CD4+/CD25 T Reg
CACGCTACTGTTCT-1,3,CD19+ B
CACGGGACAGAGTA-1,0,CD4+/CD45RO+ Memory
CACGGGACATAAGG-1,0,CD4+/CD25 T Reg
CACGGGACGTAGGG-1,0,CD4+/CD25 T Reg
CACGGGTGCTTCGC-1,2,CD56+ NK
CACGGGTGGAGGAC-1,2,CD56+ NK
CACGGGTGTGTTTC-1,0,CD8+/CD45RA+ Naive Cytotoxic
CACTAACTCCTAAG-1,3,CD19+ B
CACTAACTGAAAGT-1,0,CD4+/CD25 T Reg
CACTAGGATGATGC-1,3,CD19+ B
CACTATACCCCGTT-1,3,CD19+ B
CACTATACGTTTGG-1,2,CD56+ NK
CACTGAGACAGTCA-1,1,CD14+ Monocyte
CACTGCACTTCATC-1,0,CD4+/CD25 T Reg
CACTGCTGAGACTC-1,1,CD14+ Monocyte
CACTGCTGGAAAGT-1,0,CD4+/CD45RO+ Memory
CACTTAACCGAATC-1,0,CD4+/CD25 T Reg
CACTTAACCGTACA-1,3,CD19+ B
CACTTTGACTCTAT-1,2,CD56+ NK
CACTTTGAGCTGTA-1,2,CD56+ NK
CAGAAGCTCTCAAG-1,0,CD8+/CD45RA+ Naive Cytotoxic
CAGACATGAACGGG-1,0,CD4+/CD25 T Reg
CAGACATGTCGACA-1,0,CD4+/CD45RO+ Memory
CAGACCCTAAGGTA-1,1,CD14+ Monocyte
CAGACCCTAATGCC-1,0,CD4+/CD25 T Reg
CAGACCCTAGGAGC-1,0,CD4+/CD25 T Reg
CAGACTGAGTATGC-1,0,CD4+/CD25 T Reg
CAGATCGAATGTCG-1,3,CD19+ B
CAGATCGACCTGAA-1,2,CD56+ NK
CAGATCGATATGGC-1,0,CD4+/CD45RO+ Memory
CAGATGACATTCTC-1,2,CD56+ NK
CAGCAATGCCTTCG-1,0,CD4+/CD25 T Reg
CAGCAATGGAGGGT-1,2,CD56+ NK
CAGCAATGGTGCTA-1,0,CD4+/CD45RO+ Memory
CAGCAATGTCTACT-1,1,CD14+ Monocyte
CAGCAATGTGACCA-1,0,CD4+/CD25 T Reg
CAGCAATGTGAGGG-1,1,CD14+ Monocyte
CAGCACCTAAGCCT-1,0,CD4+/CD25 T Reg
CAGCACCTAGGCGA-1,0,CD4+/CD25 T Reg
CAGCACCTGTAGGG-1,1,CD14+ Monocyte
CAGCATGACAACCA-1,1,CD14+ Monocyte
CAGCATGAGACGTT-1,2,CD56+ NK
CAGCCTACCCAACA-1,0,CD4+/CD45RO+ Memory
CAGCCTTGCTACCC-1,1,CD14+ Monocyte
CAGCCTTGGGGACA-1,0,CD4+/CD45RO+ Memory
CAGCGGACACCCTC-1,0,CD4+/CD45RO+ Memory
CAGCGGACCTTTAC-1,2,CD56+ NK
CAGCGTCTAAAGCA-1,0,CD4+/CD25 T Reg
CAGCGTCTTATCGG-1,0,CD4+/CD25 T Reg
CAGCTAGATGTGAC-1,1,CD14+ Monocyte
CAGCTCTGAGGCGA-1,0,CD4+/CD25 T Reg
CAGCTCTGCAAGCT-1,2,CD56+ NK
CAGCTCTGTCGTAG-1,1,CD14+ Monocyte
CAGCTCTGTGTGGT-1,2,CD56+ NK
CAGGAACTAACTGC-1,2,CD56+ NK
CAGGAACTCTCAGA-1,1,CD14+ Monocyte
CAGGCCGAACACCA-1,0,CD4+/CD25 T Reg
CAGGCCGAACACGT-1,0,CD4+/CD45RO+ Memory
CAGGCCGAACGACT-1,0,CD4+/CD45RO+ Memory
CAGGCCGAATCTCT-1,1,CD14+ Monocyte
CAGGCCGACTAGCA-1,3,CD19+ B
CAGGGCACCATACG-1,3,CD19+ B
CAGGGCACCCAACA-1,0,CD4+/CD45RA+/CD25- Naive T
CAGGGCACTCCCGT-1,0,CD4+/CD45RO+ Memory
CAGGTAACAGACTC-1,1,CD14+ Monocyte
CAGGTATGAGTCGT-1,0,CD4+/CD45RO+ Memory
CAGGTATGTGCTTT-1,0,CD4+/CD25 T Reg
CAGGTTGAGGATCT-1,3,CD19+ B
CAGTGATGGACGGA-1,3,CD19+ B
CAGTGATGGCTAAC-1,2,CD56+ NK
CAGTGATGGGACAG-1,0,CD4+/CD25 T Reg
CAGTGATGTAAGGA-1,3,CD19+ B
CAGTGATGTACGCA-1,0,CD19+ B
CAGTGTGATGTCAG-1,0,CD8+/CD45RA+ Naive Cytotoxic
CAGTTACTAAGGTA-1,3,CD19+ B
CAGTTACTGATAGA-1,0,CD4+/CD25 T Reg
CAGTTGGAAAGAGT-1,1,CD14+ Monocyte
CAGTTGGACATACG-1,0,CD4+/CD45RO+ Memory
CAGTTTACACACGT-1,2,CD56+ NK
CAGTTTACCCCAAA-1,0,CD8+/CD45RA+ Naive Cytotoxic
CATAAAACGGAGCA-1,1,CD14+ Monocyte
CATAAATGAACTGC-1,0,CD8+/CD45RA+ Naive Cytotoxic
CATAACCTTCTCCG-1,0,CD4+/CD45RO+ Memory
CATACTACCTCGAA-1,0,CD4+/CD45RO+ Memory
CATACTACCTGAAC-1,0,CD4+/CD25 T Reg
CATACTACGTACCA-1,1,CD14+ Monocyte
CATACTTGGGTTAC-1,1,CD14+ Monocyte
CATAGTCTAATCGC-1,0,CD4+/CD45RA+/CD25- Naive T
CATAGTCTCACTTT-1,0,CD4+/CD25 T Reg
CATATAGACTAAGC-1,4,Dendritic
CATATAGATCAGGT-1,3,CD19+ B
CATCAACTAGAAGT-1,0,CD4+/CD25 T Reg
CATCAACTCCCTCA-1,0,CD4+/CD25 T Reg
CATCAGGACTTCCG-1,2,CD56+ NK
CATCAGGATAGCCA-1,2,CD56+ NK
CATCAGGATCCTAT-1,1,CD14+ Monocyte
CATCAGGATGCACA-1,1,CD14+ Monocyte
CATCAGGATTTCGT-1,1,CD14+ Monocyte
CATCATACCGCATA-1,1,CD14+ Monocyte
CATCATACGGAGCA-1,3,CD19+ B
CATCATACTCAAGC-1,0,CD8+/CD45RA+ Naive Cytotoxic
CATCGCTGGGATCT-1,0,CD4+/CD25 T Reg
CATCGCTGTGGCAT-1,3,CD19+ B
CATCGGCTATGCTG-1,0,CD4+/CD25 T Reg
CATCGGCTTTGGCA-1,0,CD4+/CD25 T Reg
CATCTCCTATGTGC-1,3,CD19+ B
CATCTCCTCGAACT-1,1,CD14+ Monocyte
CATGAGACACGGGA-1,3,CD19+ B
CATGAGACGTTGAC-1,2,CD56+ NK
CATGAGACTCGCCT-1,0,CD4+/CD25 T Reg
CATGCCACGGGTGA-1,0,CD8+ Cytotoxic T
CATGCCACTGCCAA-1,0,CD4+/CD25 T Reg
CATGCGCTAGTCAC-1,1,CD14+ Monocyte
CATGCGCTCAGATC-1,1,CD14+ Monocyte
CATGCGCTTTGCAG-1,1,CD14+ Monocyte
CATGGCCTAGGGTG-1,1,CD14+ Monocyte
CATGGCCTGTGCAT-1,0,CD8+/CD45RA+ Naive Cytotoxic
CATGTACTATCGTG-1,2,CD56+ NK
CATGTTACAGTCGT-1,2,CD56+ NK
CATGTTACCTGAGT-1,0,CD4+/CD25 T Reg
CATGTTTGGGGATG-1,1,CD14+ Monocyte
CATTACACACGGAG-1,3,CD19+ B
CATTACACCAACTG-1,2,CD56+ NK
CATTACACGGAGTG-1,0,CD4+/CD25 T Reg
CATTACACTACTCT-1,0,CD8+/CD45RA+ Naive Cytotoxic
CATTAGCTCCACAA-1,1,CD14+ Monocyte
CATTGACTAGCGGA-1,1,CD14+ Monocyte
CATTGGGACTCGAA-1,0,CD4+/CD45RO+ Memory
CATTGTACAGCGTT-1,0,CD8+/CD45RA+ Naive Cytotoxic
CATTGTACTCGATG-1,3,CD19+ B
CATTGTACTTATCC-1,0,CD4+/CD45RO+ Memory
CATTGTACTTTGCT-1,1,CD14+ Monocyte
CATTGTTGCTAGTG-1,0,CD4+/CD25 T Reg
CATTTCGACTCTAT-1,2,CD56+ NK
CATTTCGAGATACC-1,2,CD56+ NK
CATTTGACCACACA-1,2,CD56+ NK
CATTTGACCCTGAA-1,2,CD56+ NK
CATTTGTGACGACT-1,3,CD19+ B
CATTTGTGCATTGG-1,0,CD4+/CD25 T Reg
CATTTGTGCGGAGA-1,0,CD8+/CD45RA+ Naive Cytotoxic
CATTTGTGGGATCT-1,3,CD19+ B
CCAAAGTGCTACGA-1,1,CD14+ Monocyte
CCAAAGTGTGAGAA-1,1,CD14+ Monocyte
CCAACCTGAAGTAG-1,2,CD56+ NK
CCAACCTGACGTAC-1,1,CD14+ Monocyte
CCAACCTGTTCGCC-1,1,CD14+ Monocyte
CCAAGAACCCAATG-1,0,CD4+/CD25 T Reg
CCAAGAACGTAGCT-1,0,CD4+/CD45RO+ Memory
CCAAGAACGTGTCA-1,0,CD4+/CD25 T Reg
CCAAGAACTACTGG-1,2,CD56+ NK
CCAAGAACTCCTAT-1,3,CD19+ B
CCAAGATGTCATTC-1,0,CD4+/CD25 T Reg
CCAAGATGTTTCAC-1,0,CD4+/CD25 T Reg
CCAAGTGAGGAACG-1,0,CD4+/CD25 T Reg
CCAAGTGATCAAGC-1,0,CD4+/CD25 T Reg
CCAATTTGAACGTC-1,1,CD14+ Monocyte
CCACCATGAACGTC-1,0,CD56+ NK
CCACCATGATCGGT-1,0,CD4+/CD25 T Reg
CCACCATGGACGAG-1,1,CD14+ Monocyte
CCACCATGGGGAGT-1,0,CD4+/CD25 T Reg
CCACCATGTCCTGC-1,2,CD56+ NK
CCACTGACCCGCTT-1,1,CD14+ Monocyte
CCACTGTGGGAAGC-1,1,CD14+ Monocyte
CCACTGTGTGTAGC-1,0,CD4+/CD25 T Reg
CCACTTCTCGGGAA-1,1,CD14+ Monocyte
CCAGAAACCCTGTC-1,3,CD19+ B
CCAGAAACGAACTC-1,0,CD4+/CD25 T Reg
CCAGAAACGGTCTA-1,0,CD4+/CD25 T Reg
CCAGACCTCTGAGT-1,1,CD14+ Monocyte
CCAGACCTTGTGGT-1,0,CD4+/CD25 T Reg
CCAGCACTGCGATT-1,1,CD14+ Monocyte
CCAGCGGAAAGGCG-1,1,CD14+ Monocyte
CCAGCGGACGACTA-1,1,CD14+ Monocyte
CCAGCGGATGGGAG-1,0,CD4+/CD25 T Reg
CCAGCTACACAGTC-1,0,CD4+/CD25 T Reg
CCAGCTACCAGCTA-1,3,CD19+ B
CCAGGTCTACACCA-1,3,CD19+ B
CCAGGTCTAGCATC-1,1,CD14+ Monocyte
CCAGGTCTATGGTC-1,0,CD4+/CD25 T Reg
CCAGTCACACTGGT-1,1,CD14+ Monocyte
CCAGTCACACTGTG-1,3,CD19+ B
CCAGTCACGTTGTG-1,0,CD4+/CD25 T Reg
CCAGTGCTAACCAC-1,0,CD4+/CD25 T Reg
CCAGTGCTCGTAGT-1,0,CD4+/CD45RO+ Memory
CCATCCGAAAGCAA-1,0,CD8+ Cytotoxic T
CCATCCGAACGACT-1,2,CD56+ NK
CCATCCGAAGGTTC-1,3,Dendritic
CCATCCGATTCGCC-1,1,CD14+ Monocyte
CCATCGTGAACGGG-1,0,CD4+/CD25 T Reg
CCATCGTGCTAGAC-1,1,CD14+ Monocyte
CCCAACACCTCGCT-1,3,CD19+ B
CCCAACACGCATCA-1,0,CD4+/CD45RA+/CD25- Naive T
CCCAACACTTTGTC-1,1,CD14+ Monocyte
CCCAACTGCAATCG-1,1,CD14+ Monocyte
CCCAGACTGCCTTC-1,1,CD14+ Monocyte
CCCAGACTGGTTTG-1,3,CD19+ B
CCCAGACTTTCGCC-1,1,CD14+ Monocyte
CCCAGTTGCAGTTG-1,1,CD14+ Monocyte
CCCAGTTGGGTACT-1,0,CD56+ NK
CCCAGTTGTCTATC-1,3,CD19+ B
CCCGATTGTGTTTC-1,0,CD8+ Cytotoxic T
CCCGGAGAAGGGTG-1,1,CD14+ Monocyte
CCCTACGAATTGGC-1,1,CD14+ Monocyte
CCCTAGTGCAAAGA-1,0,CD4+/CD25 T Reg
CCCTCAGACACTTT-1,3,CD19+ B
CCCTCAGACGAGAG-1,0,CD4+/CD25 T Reg
CCCTCAGAGGTCAT-1,0,CD8+/CD45RA+ Naive Cytotoxic
CCCTGAACTAAAGG-1,3,CD19+ B
CCCTGATGCAACCA-1,0,CD4+/CD25 T Reg
CCCTGATGCAAGCT-1,3,CD19+ B
CCCTTACTAACCAC-1,1,CD14+ Monocyte
CCCTTACTGCAGTT-1,0,CD56+ NK
CCGAAAACCTTGTT-1,1,CD14+ Monocyte
CCGACACTGGTTTG-1,0,CD4+/CD25 T Reg
CCGACTACCCAGTA-1,1,CD14+ Monocyte
CCGACTACCGTGTA-1,0,CD4+/CD45RO+ Memory
CCGACTACTGAGGG-1,0,CD56+ NK
CCGATAGACCTAAG-1,0,CD8+/CD45RA+ Naive Cytotoxic
CCGATAGAGTTGGT-1,1,CD14+ Monocyte
CCGCGAGACACACA-1,1,CD14+ Monocyte
CCGCGAGAGGTTCA-1,2,CD56+ NK
CCGCTATGGGACGA-1,3,CD19+ B
CCGCTATGTGCAAC-1,1,CD14+ Monocyte
CCGCTATGTGCACA-1,1,CD14+ Monocyte
CCGGTACTGTCCTC-1,0,CD4+/CD25 T Reg
CCGTACACAAGCAA-1,0,CD4+/CD25 T Reg
CCGTACACAGCGTT-1,3,CD19+ B
CCGTACACGTCATG-1,2,CD56+ NK
CCGTACACGTTGGT-1,1,CD14+ Monocyte
CCGTACACTAACGC-1,0,CD56+ NK
CCTAAACTTTCGTT-1,0,CD4+/CD25 T Reg
CCTAAGGACCCAAA-1,0,CD8+/CD45RA+ Naive Cytotoxic
CCTAAGGACTAGCA-1,1,CD14+ Monocyte
CCTAAGGAGGGCAA-1,0,CD56+ NK
CCTAAGGATGATGC-1,0,CD56+ NK
CCTAAGGATGTCAG-1,0,CD4+/CD45RO+ Memory
CCTACCGACTCTTA-1,0,CD4+/CD45RO+ Memory
CCTACCGAGGGATG-1,3,CD19+ B
CCTAGAGAGGTGAG-1,3,CD19+ B
CCTATAACCAAAGA-1,0,CD8+/CD45RA+ Naive Cytotoxic
CCTATAACGAGACG-1,1,CD14+ Monocyte
CCTATAACTCAGAC-1,0,CD4+/CD45RO+ Memory
CCTATAACTGCATG-1,1,CD14+ Monocyte
CCTCGAACACTTTC-1,2,CD56+ NK
CCTCGAACCCGTAA-1,1,CD14+ Monocyte
CCTCGAACGTATCG-1,0,CD4+/CD25 T Reg
CCTCGAACTTACTC-1,0,CD4+/CD45RO+ Memory
CCTCTACTCTTCGC-1,1,CD14+ Monocyte
CCTCTACTGGCATT-1,0,CD8+/CD45RA+ Naive Cytotoxic
CCTGACTGAAGTAG-1,2,CD56+ NK
CCTGACTGGGGAGT-1,0,CD8+/CD45RA+ Naive Cytotoxic
CCTGACTGTGTCTT-1,3,CD19+ B
CCTGCAACACGTTG-1,1,CD14+ Monocyte
CCTGGACTCGTGAT-1,0,CD4+/CD25 T Reg
CCTTAATGCCCAAA-1,3,CD19+ B
CCTTAATGTTCTAC-1,1,CD14+ Monocyte
CCTTCACTACGACT-1,0,CD4+/CD25 T Reg
CCTTCACTCAGTCA-1,3,CD19+ B
CCTTCACTGGAGTG-1,1,CD14+ Monocyte
CCTTTAGATTCATC-1,1,CD14+ Monocyte
CGAACATGCCCTAC-1,1,CD14+ Monocyte
CGAACATGTCAGAC-1,0,CD4+/CD25 T Reg
CGAAGACTGGAACG-1,2,CD8+ Cytotoxic T
CGAAGACTGTTACG-1,0,CD4+/CD25 T Reg
CGAAGGGAAACCTG-1,2,CD56+ NK
CGAAGGGATCCGAA-1,3,CD19+ B
CGAAGTACCAACTG-1,3,CD19+ B
CGAATCGAGGAGCA-1,1,CD14+ Monocyte
CGAATCGAGGAGGT-1,0,CD4+/CD25 T Reg
CGACAAACCCATAG-1,0,CD4+/CD45RO+ Memory
CGACAAACCGACAT-1,3,CD19+ B
CGACCACTAAAGTG-1,2,CD56+ NK
CGACCACTGCCAAT-1,2,CD56+ NK
CGACCGGAAGGTCT-1,0,CD4+/CD25 T Reg
CGACCGGATGGAAA-1,0,CD4+/CD45RO+ Memory
CGACCTTGCTAGTG-1,0,CD4+/CD25 T Reg
CGACGTCTATCGTG-1,0,CD56+ NK
CGACGTCTCGTGTA-1,0,CD4+/CD45RO+ Memory
CGACGTCTGAGGCA-1,0,CD4+/CD25 T Reg
CGACTCACGTCGTA-1,0,CD4+/CD25 T Reg
CGACTCACGTTGCA-1,0,CD4+/CD25 T Reg
CGACTCTGTGTGAC-1,0,CD4+/CD45RO+ Memory
CGACTGCTTCCTCG-1,1,CD14+ Monocyte
CGAGAACTAAGGCG-1,2,CD56+ NK
CGAGAACTACGTTG-1,0,CD4+/CD25 T Reg
CGAGAACTTGTTCT-1,1,CD14+ Monocyte
CGAGATTGGACACT-1,2,CD56+ NK
CGAGATTGGCCATA-1,2,CD56+ NK
CGAGCCGAACACCA-1,0,CD4+/CD25 T Reg
CGAGCCGAGGCGAA-1,0,CD56+ NK
CGAGCGTGCTCCAC-1,0,CD8+ Cytotoxic T
CGAGCGTGGATACC-1,0,CD4+/CD25 T Reg
CGAGCGTGTATGCG-1,1,CD14+ Monocyte
CGAGGAGACCTCCA-1,3,CD19+ B
CGAGGAGATGTCGA-1,0,CD4+/CD45RA+/CD25- Naive T
CGAGGCACCTATGG-1,2,CD56+ NK
CGAGGCACTATGCG-1,1,CD14+ Monocyte
CGAGGCACTCTTCA-1,0,CD56+ NK
CGAGGCTGACGCTA-1,2,CD56+ NK
CGAGGCTGGCAGTT-1,1,CD14+ Monocyte
CGAGGGCTACGACT-1,3,CD19+ B
CGAGGGCTCGAATC-1,0,CD8+/CD45RA+ Naive Cytotoxic
CGAGTATGTCACCC-1,1,CD14+ Monocyte
CGATACGAACAGTC-1,1,CD14+ Monocyte
CGATACGACAGGAG-1,0,CD56+ NK
CGATACGATTCACT-1,3,CD19+ B
CGATAGACCCGTAA-1,1,CD14+ Monocyte
CGATAGACCGTACA-1,0,CD4+/CD25 T Reg
CGATAGACGTAGGG-1,1,CD14+ Monocyte
CGATAGACTGTTCT-1,0,CD4+/CD25 T Reg
CGATCAGAAGAACA-1,2,CD56+ NK
CGATCAGAGAGGGT-1,0,CD4+/CD45RA+/CD25- Naive T
CGATCAGAGGTACT-1,0,CD4+/CD25 T Reg
CGATCAGATGTGAC-1,4,Dendritic
CGATCCACCGGGAA-1,2,CD56+ NK
CGATCCACTTCCAT-1,3,Dendritic
CGCAAATGCTCGAA-1,0,CD4+/CD45RO+ Memory
CGCAACCTCCTTGC-1,0,CD4+/CD25 T Reg
CGCAACCTGGACGA-1,0,CD4+/CD25 T Reg
CGCACGGAGGACGA-1,3,CD19+ B
CGCACGGATCTTTG-1,0,CD8+/CD45RA+ Naive Cytotoxic
CGCACTACAGAATG-1,0,CD4+/CD25 T Reg
CGCACTACAGCCAT-1,0,CD4+/CD25 T Reg
CGCACTACATTGGC-1,0,CD4+/CD25 T Reg
CGCACTACTCGCCT-1,3,CD19+ B
CGCACTACTCGTGA-1,0,CD8+ Cytotoxic T
CGCACTTGTCACGA-1,1,CD14+ Monocyte
CGCAGGACAGATCC-1,2,CD56+ NK
CGCAGGACCTACTT-1,0,CD34+
CGCAGGACTTGTCT-1,1,CD14+ Monocyte
CGCAGGTGCACTGA-1,0,CD4+/CD25 T Reg
CGCAGGTGCCATAG-1,1,CD14+ Monocyte
CGCAGGTGGGAACG-1,0,CD4+/CD25 T Reg
CGCATAGATCACGA-1,1,CD14+ Monocyte
CGCCATACTGCAAC-1,0,CD4+/CD25 T Reg
CGCCATTGAGAGGC-1,0,CD4+/CD25 T Reg
CGCCATTGCTATGG-1,0,CD4+/CD25 T Reg
CGCCATTGGAGACG-1,0,CD4+/CD25 T Reg
CGCCATTGGAGCAG-1,3,CD19+ B
CGCCATTGTACTGG-1,3,CD19+ B
CGCCGAGAGCTTAG-1,2,CD56+ NK
CGCCTAACGAATGA-1,4,Dendritic
CGCCTAACTGCTCC-1,0,CD4+/CD45RO+ Memory
CGCGAGACACAGCT-1,0,CD56+ NK
CGCGAGACAGGTCT-1,3,CD19+ B
CGCGAGACGCTACA-1,0,CD56+ NK
CGCGATCTCAGTCA-1,1,CD14+ Monocyte
CGCGATCTGTTGAC-1,1,CD14+ Monocyte
CGCGATCTTTCTTG-1,3,CD19+ B
CGCGGATGGCCAAT-1,0,CD4+/CD25 T Reg
CGCTAAGAATGTCG-1,0,CD4+/CD25 T Reg
CGCTAAGACAACTG-1,0,CD4+/CD25 T Reg
CGCTAAGACCCTTG-1,0,CD4+/CD25 T Reg
CGCTACTGAACAGA-1,1,CD14+ Monocyte
CGCTACTGAGAACA-1,0,CD8+ Cytotoxic T
CGCTACTGTGAGCT-1,0,CD4+/CD45RO+ Memory
CGCTACTGTTCCCG-1,0,CD56+ NK
CGCTCATGCATTTC-1,1,CD14+ Monocyte
CGGAATTGGTTTGG-1,0,CD4+/CD25 T Reg
CGGAATTGTGGAGG-1,0,CD4+/CD25 T Reg
CGGACCGATGCGTA-1,2,CD56+ NK
CGGACCGATGGGAG-1,0,CD56+ NK
CGGACTCTAAACAG-1,3,CD19+ B
CGGACTCTCCAATG-1,0,CD56+ NK
CGGACTCTCCTCGT-1,2,CD56+ NK
CGGAGGCTATTCCT-1,0,CD4+/CD25 T Reg
CGGAGGCTTGGATC-1,0,CD56+ NK
CGGATAACAACGAA-1,1,CD14+ Monocyte
CGGATAACAGCTCA-1,0,CD4+/CD25 T Reg
CGGATAACTCAGTG-1,1,CD14+ Monocyte
CGGCACGAACTCAG-1,2,CD56+ NK
CGGCACGAAGGGTG-1,0,CD4+/CD45RA+/CD25- Naive T
CGGCACGACTACGA-1,1,CD14+ Monocyte
CGGCATCTTAGAAG-1,0,CD8+ Cytotoxic T
CGGCATCTTCGTAG-1,1,CD14+ Monocyte
CGGCCAGAAAGGTA-1,0,CD4+/CD45RO+ Memory
CGGCCAGAGAGGCA-1,2,CD56+ NK
CGGCGAACCAGTCA-1,1,CD14+ Monocyte
CGGCGAACGACAAA-1,2,CD56+ NK
CGGCGAACGGTCTA-1,0,CD4+/CD25 T Reg
CGGCGAACTACTTC-1,2,CD56+ NK
CGGGACTGCGTGTA-1,0,CD4+/CD25 T Reg
CGGGACTGGAATAG-1,2,CD56+ NK
CGGGCATGACCCAA-1,2,CD56+ NK
CGGGCATGTCTCTA-1,2,CD56+ NK
CGGGCATGTTGTGG-1,0,CD4+/CD25 T Reg
CGGTAAACTCGCAA-1,0,CD56+ NK
CGGTCACTGTTTGG-1,0,CD4+/CD25 T Reg
CGGTCACTTACTTC-1,0,CD4+/CD25 T Reg
CGTAACGATCGCCT-1,0,CD4+/CD25 T Reg
CGTACCACACACAC-1,0,CD4+/CD25 T Reg
CGTACCACACGTTG-1,0,CD4+/CD25 T Reg
CGTACCACCTCATT-1,0,CD4+/CD25 T Reg
CGTACCACGGAGCA-1,0,CD4+/CD25 T Reg
CGTACCTGGCATCA-1,2,CD56+ NK
CGTAGCCTCTCTCG-1,1,CD14+ Monocyte
CGTAGCCTGCGAAG-1,0,CD4+/CD25 T Reg
CGTAGCCTGTATGC-1,1,CD14+ Monocyte
CGTCAAGAAAGGTA-1,1,CD14+ Monocyte
CGTCAAGAACGTGT-1,0,CD4+/CD25 T Reg
CGTCAAGACAGAGG-1,0,CD4+/CD25 T Reg
CGTCAAGACAGGAG-1,2,CD56+ NK
CGTCCATGCTCTTA-1,0,CD4+/CD25 T Reg
CGTCGACTTTCCGC-1,2,CD56+ NK
CGTGATGACGCTAA-1,0,CD4+/CD25 T Reg
CGTGATGAGGTTCA-1,0,CD8+ Cytotoxic T
CGTGCACTTATGGC-1,1,CD14+ Monocyte
CGTGTAGAAAAACG-1,0,CD4+/CD25 T Reg
CGTGTAGACGATAC-1,2,CD56+ NK
CGTGTAGAGTTACG-1,2,CD56+ NK
CGTGTAGAGTTCAG-1,1,CD14+ Monocyte
CGTGTAGATTCGGA-1,2,CD56+ NK
CGTTAGGAAACCAC-1,0,CD4+/CD25 T Reg
CGTTAGGATCATTC-1,1,CD14+ Monocyte
CGTTATACCCTGAA-1,2,CD56+ NK
CGTTTAACTGGTCA-1,0,CD4+/CD25 T Reg
CTAAACCTCTGACA-1,2,CD56+ NK
CTAAACCTGTGCAT-1,3,Dendritic
CTAACACTAACGTC-1,0,CD4+/CD25 T Reg
CTAACACTAGTGCT-1,1,CD14+ Monocyte
CTAACGGAACCGAT-1,2,CD56+ NK
CTAACGGATTTCTG-1,0,CD4+/CD45RO+ Memory
CTAACTACGGCAAG-1,0,CD8+ Cytotoxic T
CTAAGGACACCATG-1,0,CD4+/CD25 T Reg
CTAAGGACCGTTAG-1,0,CD4+/CD45RO+ Memory
CTAAGGACGCCATA-1,1,CD14+ Monocyte
CTAAGGTGCCTAAG-1,3,Dendritic
CTAAGGTGTTGCAG-1,0,CD4+/CD45RA+/CD25- Naive T
CTAAGGTGTTTCTG-1,0,CD8+ Cytotoxic T
CTAATAGAGCTATG-1,0,CD34+
CTAATGCTTGTGGT-1,1,CD14+ Monocyte
CTACAACTCCCGTT-1,2,CD56+ NK
CTACCTCTCAACCA-1,0,CD56+ NK
CTACGCACACCTAG-1,1,CD14+ Monocyte
CTACGCACTCTCCG-1,0,CD4+/CD25 T Reg
CTACGCACTGGTCA-1,2,CD56+ NK
CTACGGCTTTCTTG-1,1,CD14+ Monocyte
CTACTATGAACCAC-1,1,CD14+ Monocyte
CTACTATGATGTGC-1,1,CD14+ Monocyte
CTACTATGCTAAGC-1,0,CD56+ NK
CTACTATGTAAAGG-1,3,CD19+ B
CTACTCCTATGTCG-1,2,CD56+ NK
CTACTCCTGCCATA-1,1,CD14+ Monocyte
CTAGAGACACTTTC-1,0,CD8+ Cytotoxic T
CTAGAGACAGCATC-1,2,CD56+ NK
CTAGAGACTTTGGG-1,1,CD14+ Monocyte
CTAGATCTCTCTAT-1,0,CD4+/CD25 T Reg
CTAGATCTTCGACA-1,0,CD4+/CD45RO+ Memory
CTAGGATGAGCCTA-1,3,CD19+ B
CTAGGATGATCGTG-1,3,CD19+ B
CTAGGCCTCTCAGA-1,0,CD4+/CD25 T Reg
CTAGGTGATGGTTG-1,1,CD14+ Monocyte
CTAGTTACCAGAGG-1,0,CD4+/CD25 T Reg
CTAGTTACCGCATA-1,0,CD4+/CD45RA+/CD25- Naive T
CTAGTTACGAAACA-1,2,CD56+ NK
CTATAAGATCGTTT-1,3,CD19+ B
CTATACTGAGGTTC-1,1,CD14+ Monocyte
CTATACTGCCAGTA-1,0,CD4+/CD25 T Reg
CTATACTGCGCTAA-1,1,CD14+ Monocyte
CTATACTGCTACGA-1,2,CD56+ NK
CTATACTGTCTCAT-1,2,CD56+ NK
CTATACTGTTCGTT-1,0,CD34+
CTATAGCTGTCACA-1,0,CD4+/CD25 T Reg
CTATAGCTTCGCTC-1,1,CD14+ Monocyte
CTATAGCTTGCCTC-1,1,CD14+ Monocyte
CTATCAACGAACTC-1,0,CD4+/CD45RO+ Memory
CTATCAACGCAGAG-1,0,CD4+/CD25 T Reg
CTATCAACTTTGGG-1,0,CD8+/CD45RA+ Naive Cytotoxic
CTATCCCTCCACCT-1,1,CD14+ Monocyte
CTATGTACGAGAGC-1,0,CD4+/CD25 T Reg
CTATGTACGCTTAG-1,0,CD4+/CD25 T Reg
CTATGTACTGTTTC-1,0,CD4+/CD45RO+ Memory
CTATGTTGAAAGCA-1,0,CD4+/CD45RO+ Memory
CTATGTTGTCCTCG-1,0,CD4+/CD25 T Reg
CTATGTTGTCTCGC-1,0,CD4+/CD25 T Reg
CTATTGACAAACGA-1,1,CD14+ Monocyte
CTATTGACACTGGT-1,1,CD14+ Monocyte
CTATTGACGGTGAG-1,1,CD14+ Monocyte
CTATTGTGGCAAGG-1,0,CD4+/CD25 T Reg
CTCAATTGGTTCAG-1,0,CD4+/CD25 T Reg
CTCAATTGGTTGCA-1,1,CD14+ Monocyte
CTCAGAGATAGAAG-1,0,CD4+/CD45RO+ Memory
CTCAGCACTCTAGG-1,0,CD4+/CD25 T Reg
CTCAGCACTGAACC-1,1,CD14+ Monocyte
CTCAGCACTTGCAG-1,0,CD4+/CD25 T Reg
CTCAGCTGAACCTG-1,1,CD14+ Monocyte
CTCAGCTGCAGTTG-1,0,CD56+ NK
CTCAGGCTCGTTGA-1,1,CD14+ Monocyte
CTCAGGCTGCTAAC-1,0,CD4+/CD25 T Reg
CTCATTGACCTTAT-1,0,CD4+/CD25 T Reg
CTCATTGATGCTTT-1,1,CD14+ Monocyte
CTCCACGAGAGATA-1,4,Dendritic
CTCCATCTCTTAGG-1,0,CD4+/CD25 T Reg
CTCCATCTGACGAG-1,0,CD4+/CD25 T Reg
CTCCGAACAAGTGA-1,1,CD14+ Monocyte
CTCCTACTGCCTTC-1,1,CD14+ Monocyte
CTCGAAGATGTGGT-1,0,CD8+/CD45RA+ Naive Cytotoxic
CTCGAAGATTAGGC-1,1,CD14+ Monocyte
CTCGACTGCTCTAT-1,0,CD4+/CD25 T Reg
CTCGACTGGGTGAG-1,0,CD4+/CD25 T Reg
CTCGACTGGTTGAC-1,2,CD56+ NK
CTCGAGCTCTGGAT-1,2,CD56+ NK
CTCGCATGACTTTC-1,0,CD8+ Cytotoxic T
CTCGCATGCTTAGG-1,0,CD4+/CD25 T Reg
CTCTAAACCTCGAA-1,0,CD4+/CD25 T Reg
CTCTAAACGGCGAA-1,0,CD56+ NK
CTCTAATGTCCAAG-1,1,CD14+ Monocyte
CTGAACGACAGTCA-1,0,CD4+/CD25 T Reg
CTGAACGATGAGGG-1,0,CD4+/CD25 T Reg
CTGAAGACCCAACA-1,0,CD4+/CD25 T Reg
CTGAAGACGTGCAT-1,3,CD19+ B
CTGAAGTGAAGCCT-1,1,CD14+ Monocyte
CTGAAGTGCAGCTA-1,3,CD19+ B
CTGAAGTGGCTATG-1,0,CD4+/CD25 T Reg
CTGAAGTGTCCAGA-1,0,CD4+/CD45RO+ Memory
CTGAATCTGAATAG-1,0,CD4+/CD25 T Reg
CTGACAGAATCGTG-1,2,CD56+ NK
CTGACCACAGCAAA-1,0,CD4+/CD25 T Reg
CTGAGAACCGGGAA-1,0,CD4+/CD25 T Reg
CTGAGAACGTAAAG-1,2,CD56+ NK
CTGATACTAGTAGA-1,0,CD4+/CD25 T Reg
CTGATTTGGTGTTG-1,1,CD14+ Monocyte
CTGCAGCTAACCGT-1,0,CD8+/CD45RA+ Naive Cytotoxic
CTGCAGCTGACACT-1,0,CD4+/CD25 T Reg
CTGCAGCTGGATTC-1,1,CD14+ Monocyte
CTGCAGCTTGGCAT-1,0,CD56+ NK
CTGCCAACAGGAGC-1,2,CD4+/CD45RO+ Memory
CTGCCAACCAGCTA-1,0,CD4+/CD25 T Reg
CTGCCAACTAACCG-1,1,CD14+ Monocyte
CTGCCAACTGCTCC-1,2,CD56+ NK
CTGCCAACTTGCAG-1,0,CD4+/CD25 T Reg
CTGCCAACTTGCTT-1,2,CD56+ NK
CTGCGACTCCACCT-1,2,CD56+ NK
CTGGAAACAAACGA-1,2,CD56+ NK
CTGGAAACATCGAC-1,0,CD4+/CD25 T Reg
CTGGATGACTGGAT-1,2,CD56+ NK
CTGGATGACTTGTT-1,0,CD4+/CD45RO+ Memory
CTGGATGATGTGAC-1,3,CD19+ B
CTGGCACTCAAGCT-1,1,CD14+ Monocyte
CTGTAACTAACCAC-1,0,CD4+/CD45RO+ Memory
CTGTAACTAGCGTT-1,0,CD4+/CD25 T Reg
CTGTATACGTAAAG-1,0,CD8+/CD45RA+ Naive Cytotoxic
CTGTATACGTACGT-1,1,CD14+ Monocyte
CTGTATACGTTGGT-1,0,CD4+/CD45RO+ Memory
CTGTGAGACAACCA-1,1,CD14+ Monocyte
CTGTGAGACCTTGC-1,2,CD56+ NK
CTGTGAGACGAACT-1,1,CD14+ Monocyte
CTGTGAGACTGTAG-1,1,CD14+ Monocyte
CTTAAAGAACCTGA-1,0,CD4+/CD25 T Reg
CTTAACACCTGTAG-1,0,CD4+/CD25 T Reg
CTTAACACTATCGG-1,3,CD19+ B
CTTAAGCTACCTAG-1,0,CD4+/CD45RO+ Memory
CTTAAGCTAGTACC-1,0,CD8+ Cytotoxic T
CTTAAGCTCATCAG-1,0,CD4+/CD45RA+/CD25- Naive T
CTTAAGCTCCGCTT-1,3,CD19+ B
CTTACAACTAACGC-1,0,CD4+/CD25 T Reg
CTTACAACTCCCGT-1,1,CD14+ Monocyte
CTTACTGACGTACA-1,0,CD4+/CD25 T Reg
CTTAGACTAAACGA-1,0,CD4+/CD25 T Reg
CTTAGGGACTTGCC-1,0,CD56+ NK
CTTAGGGAGAATCC-1,0,CD8+/CD45RA+ Naive Cytotoxic
CTTATCGACTCATT-1,0,CD4+/CD25 T Reg
CTTCACCTACCTGA-1,1,CD14+ Monocyte
CTTCATGAAGCATC-1,3,CD19+ B
CTTCATGAAGTACC-1,0,CD4+/CD25 T Reg
CTTCATGACCGAAT-1,2,CD56+ NK
CTTGAACTACGCAT-1,0,CD4+/CD25 T Reg
CTTGATTGAGGTTC-1,2,CD56+ NK
CTTGATTGATCTTC-1,1,CD14+ Monocyte
CTTGATTGCATTCT-1,0,CD4+/CD25 T Reg
CTTGATTGTTTCGT-1,0,CD4+/CD45RO+ Memory
CTTGTATGACACCA-1,3,CD19+ B
CTTGTATGCGCAAT-1,3,CD19+ B
CTTTACGAGCGAAG-1,0,CD8+/CD45RA+ Naive Cytotoxic
CTTTAGACCGTGAT-1,0,CD4+/CD25 T Reg
CTTTAGACGAGACG-1,0,CD4+/CD45RO+ Memory
CTTTAGACGATACC-1,0,CD4+/CD25 T Reg
CTTTAGACGTTGGT-1,0,CD56+ NK
CTTTAGACTCATTC-1,2,CD56+ NK
CTTTAGTGACGGGA-1,2,CD56+ NK
CTTTAGTGGGTGGA-1,0,CD8+/CD45RA+ Naive Cytotoxic
CTTTCAGAGAAACA-1,0,CD4+/CD25 T Reg
CTTTGATGAGCACT-1,0,CD4+/CD45RO+ Memory
CTTTGATGTCTAGG-1,2,CD56+ NK
CTTTGATGTGTCCC-1,0,CD4+/CD25 T Reg
CTTTGATGTGTGGT-1,0,CD4+/CD25 T Reg
GAAACAGAACTACG-1,0,CD4+/CD45RO+ Memory
GAAACAGAATCACG-1,0,CD4+/CD25 T Reg
GAAACAGACATTCT-1,0,CD4+/CD25 T Reg
GAAACCTGATCGTG-1,0,CD8+/CD45RA+ Naive Cytotoxic
GAAACCTGATGCCA-1,0,CD4+/CD45RO+ Memory
GAAACCTGCTTATC-1,0,CD4+/CD45RO+ Memory
GAAACCTGGACTAC-1,1,CD14+ Monocyte
GAAACCTGTGCTAG-1,0,CD4+/CD25 T Reg
GAAAGATGATTTCC-1,0,CD56+ NK
GAAAGATGCTGATG-1,1,CD14+ Monocyte
GAAAGATGCTTCGC-1,1,CD14+ Monocyte
GAAAGATGTAAGGA-1,0,CD4+/CD25 T Reg
GAAAGCCTACGTTG-1,3,CD19+ B
GAAAGTGAAAGTGA-1,4,Dendritic
GAAAGTGACCACAA-1,1,CD14+ Monocyte
GAAAGTGACTCAAG-1,0,CD4+/CD25 T Reg
GAAATACTACCAAC-1,1,CD14+ Monocyte
GAAATACTCTTAGG-1,3,CD19+ B
GAAATACTTCCTCG-1,0,CD4+/CD25 T Reg
GAACACACGTGCAT-1,1,CD14+ Monocyte
GAACACACTGCCTC-1,0,CD4+/CD45RA+/CD25- Naive T
GAACAGCTAACTGC-1,1,CD14+ Monocyte
GAACAGCTCTCAGA-1,1,CD14+ Monocyte
GAACCAACCACAAC-1,0,CD56+ NK
GAACCAACTTCCGC-1,2,CD56+ NK
GAACCTGAACGTGT-1,0,CD56+ NK
GAACCTGAGAGACG-1,0,CD56+ NK
GAACCTGATGAACC-1,0,CD4+/CD25 T Reg
GAACGGGATACTTC-1,0,CD4+/CD25 T Reg
GAACTGTGACCTGA-1,1,CD14+ Monocyte
GAACTGTGCCAGTA-1,1,CD14+ Monocyte
GAAGAATGCAATCG-1,0,CD8+/CD45RA+ Naive Cytotoxic
GAAGCGGACCTATT-1,1,CD14+ Monocyte
GAAGCTACGAATGA-1,1,CD14+ Monocyte
GAAGCTACGGTTTG-1,0,CD4+/CD25 T Reg
GAAGGGTGAAAGTG-1,0,CD4+/CD45RO+ Memory
GAAGGGTGCTTAGG-1,1,CD14+ Monocyte
GAAGGTCTGAAAGT-1,0,CD4+/CD25 T Reg
GAAGGTCTGTTGCA-1,0,CD8+/CD45RA+ Naive Cytotoxic
GAAGGTCTTAAAGG-1,4,Dendritic
GAAGTAGACTCCCA-1,2,CD56+ NK
GAAGTAGATCCAAG-1,1,CD14+ Monocyte
GAAGTCACCCTCGT-1,1,CD14+ Monocyte
GAAGTCACCCTGTC-1,3,CD19+ B
GAAGTCTGTCGCAA-1,3,CD19+ B
GAAGTCTGTTCTGT-1,0,CD4+/CD45RO+ Memory
GAAGTGCTAAACGA-1,2,CD56+ NK
GAAGTGCTCCGCTT-1,1,CD14+ Monocyte
GAAGTGCTTAACCG-1,0,CD4+/CD25 T Reg
GAATGCACCCTAAG-1,0,CD4+/CD25 T Reg
GAATGCACCTTCGC-1,2,CD56+ NK
GAATGCTGCGGTAT-1,0,CD8+/CD45RA+ Naive Cytotoxic
GAATTAACGATAAG-1,0,CD4+/CD45RO+ Memory
GAATTAACGGTCAT-1,0,CD4+/CD25 T Reg
GAATTAACGTCGTA-1,2,CD56+ NK
GAATTAACTGAAGA-1,3,CD19+ B
GACAACACAGGCGA-1,0,CD4+/CD25 T Reg
GACAACACATCGTG-1,0,CD4+/CD25 T Reg
GACAACACTCGCCT-1,0,CD8+ Cytotoxic T
GACAACTGAGGTTC-1,0,CD4+/CD25 T Reg
GACAGGGAAGAGTA-1,3,CD19+ B
GACAGGGAATGCCA-1,0,CD56+ NK
GACAGTACGAGCTT-1,1,CD14+ Monocyte
GACAGTACTTCGGA-1,1,CD14+ Monocyte
GACAGTTGAGTAGA-1,3,CD19+ B
GACATTCTCCACCT-1,4,Dendritic
GACCAAACGACTAC-1,1,CD14+ Monocyte
GACCAAACGTATCG-1,1,CD14+ Monocyte
GACCCTACTAAAGG-1,3,CD19+ B
GACCTAGACCTCAC-1,0,CD56+ NK
GACCTAGACGAGAG-1,0,CD4+/CD45RO+ Memory
GACCTCACAAGGTA-1,0,CD8+/CD45RA+ Naive Cytotoxic
GACCTCACGTACGT-1,1,CD14+ Monocyte
GACCTCTGCATCAG-1,0,CD56+ NK
GACGAACTCCCACT-1,0,CD4+/CD25 T Reg
GACGATTGCCAATG-1,3,CD19+ B
GACGCCGACCTTCG-1,0,CD4+/CD25 T Reg
GACGCTCTCTCTCG-1,5,CD34+
GACGGCACACGGGA-1,2,CD56+ NK
GACGGCACGAGATA-1,1,CD14+ Monocyte
GACGTAACCTATGG-1,0,CD4+/CD45RO+ Memory
GACGTAACCTGTGA-1,0,CD4+/CD45RO+ Memory
GACGTAACTATGGC-1,0,CD4+/CD45RO+ Memory
GACGTATGTTGACG-1,0,CD8+/CD45RA+ Naive Cytotoxic
GACGTATGTTTGCT-1,0,CD4+/CD25 T Reg
GACGTCCTACGGAG-1,0,CD4+/CD45RO+ Memory
GACGTCCTCTCAAG-1,1,CD14+ Monocyte
GACGTCCTGATAAG-1,3,CD19+ B
GACTACGATGGTCA-1,3,CD19+ B
GACTCCTGCTCGCT-1,0,CD4+/CD25 T Reg
GACTCCTGGGTTAC-1,0,CD4+/CD25 T Reg
GACTCCTGTTATCC-1,0,CD4+/CD25 T Reg
GACTCCTGTTGGTG-1,1,CD14+ Monocyte
GACTGAACCAATCG-1,1,CD14+ Monocyte
GACTGATGTGATGC-1,0,CD8+/CD45RA+ Naive Cytotoxic
GACTTTACATGCCA-1,0,CD4+/CD25 T Reg
GACTTTACGACAGG-1,3,CD19+ B
GAGAAATGTTCTCA-1,3,CD19+ B
GAGATAGAAAAAGC-1,1,CD14+ Monocyte
GAGATCACGACAAA-1,1,CD14+ Monocyte
GAGATGCTCTGGAT-1,2,CD56+ NK
GAGATGCTGAATGA-1,0,CD4+/CD25 T Reg
GAGCAGGATTCCCG-1,2,CD56+ NK
GAGCATACTTTGCT-1,1,CD14+ Monocyte
GAGCGCACGCGTAT-1,1,CD14+ Monocyte
GAGCGCACGGTGAG-1,2,CD8+ Cytotoxic T
GAGCGCTGAAGATG-1,2,CD56+ NK
GAGCGCTGTCTTAC-1,1,CD14+ Monocyte
GAGCGGCTGGGAGT-1,3,CD19+ B
GAGGACGACTCAGA-1,2,CD8+ Cytotoxic T
GAGGATCTGAAAGT-1,3,CD19+ B
GAGGCAGACTTGCC-1,2,CD56+ NK
GAGGGAACACCAGT-1,0,CD4+/CD25 T Reg
GAGGGAACGAGGGT-1,0,CD4+/CD25 T Reg
GAGGGATGGGAAAT-1,0,CD4+/CD45RA+/CD25- Naive T
GAGGGCCTTCACCC-1,0,CD4+/CD25 T Reg
GAGGGTGAAGAGTA-1,0,CD4+/CD25 T Reg
GAGGTACTACGGTT-1,0,CD8+/CD45RA+ Naive Cytotoxic
GAGGTACTACTCAG-1,1,CD14+ Monocyte
GAGGTACTGACACT-1,2,CD56+ NK
GAGGTACTGGGAGT-1,0,CD56+ NK
GAGGTACTTAGCGT-1,1,CD14+ Monocyte
GAGGTGGAGTACGT-1,0,CD4+/CD25 T Reg
GAGGTGGATCCTCG-1,2,CD56+ NK
GAGGTTACTCGTTT-1,1,CD14+ Monocyte
GAGGTTTGTAAGCC-1,1,CD14+ Monocyte
GAGTCAACCATTCT-1,0,CD4+/CD45RO+ Memory
GAGTCAACGGGAGT-1,0,CD4+/CD25 T Reg
GAGTCTGATCGTGA-1,0,CD4+/CD25 T Reg
GAGTCTGATTTGGG-1,3,CD19+ B
GAGTGACTCAGCTA-1,0,CD4+/CD25 T Reg
GAGTGACTCGGTAT-1,2,CD56+ NK
GAGTGACTCTTGCC-1,3,CD19+ B
GAGTGACTGACTAC-1,3,CD19+ B
GAGTGACTGTCTAG-1,0,CD4+/CD25 T Reg
GAGTGGGAGTCTTT-1,3,CD19+ B
GAGTGGGATGCCCT-1,0,CD8+/CD45RA+ Naive Cytotoxic
GAGTGGGATGCTGA-1,3,CD19+ B
GAGTGTTGCTGTAG-1,0,CD4+/CD45RO+ Memory
GAGTGTTGTGGTCA-1,0,CD4+/CD25 T Reg
GAGTTGTGCATGGT-1,1,CD14+ Monocyte
GAGTTGTGCTGAGT-1,2,CD56+ NK
GAGTTGTGGCGAGA-1,1,CD14+ Monocyte
GAGTTGTGGTAGCT-1,5,CD34+
GAGTTGTGTATGCG-1,1,CD14+ Monocyte
GATAAGGAGAAACA-1,1,CD14+ Monocyte
GATAAGGATTCACT-1,1,CD14+ Monocyte
GATACTCTATCGGT-1,0,CD4+/CD45RO+ Memory
GATACTCTTACTTC-1,0,CD56+ NK
GATACTCTTGACTG-1,1,CD14+ Monocyte
GATAGAGAAGGGTG-1,2,CD56+ NK
GATAGAGACTGTGA-1,0,CD4+/CD25 T Reg
GATAGAGATCACGA-1,4,Dendritic
GATAGCACCCATAG-1,0,CD4+/CD25 T Reg
GATAGCACGAAGGC-1,1,CD14+ Monocyte
GATAGCACTTGTCT-1,0,CD8+/CD45RA+ Naive Cytotoxic
GATATAACAAGGTA-1,0,CD4+/CD25 T Reg
GATATAACACGCAT-1,0,CD4+/CD25 T Reg
GATATATGCTGGAT-1,0,CD8+/CD45RA+ Naive Cytotoxic
GATATATGTCCGTC-1,2,CD56+ NK
GATATATGTGGAGG-1,1,CD14+ Monocyte
GATATCCTAGAAGT-1,0,CD4+/CD25 T Reg
GATATCCTCCCGTT-1,1,CD14+ Monocyte
GATATTGACAGGAG-1,0,CD4+/CD25 T Reg
GATATTGACGAGTT-1,1,CD14+ Monocyte
GATATTGAGCCAAT-1,0,CD4+/CD25 T Reg
GATCCCTGACCTTT-1,2,CD56+ NK
GATCCCTGTGTAGC-1,2,CD56+ NK
GATCCGCTGGTCAT-1,1,CD14+ Monocyte
GATCGAACCGAGAG-1,0,CD56+ NK
GATCGATGACTAGC-1,3,CD19+ B
GATCGATGGTAAAG-1,3,CD19+ B
GATCGATGTAAGGA-1,1,CD14+ Monocyte
GATCGTGACACTAG-1,0,CD4+/CD25 T Reg
GATCGTGATTCACT-1,0,CD4+/CD25 T Reg
GATCTACTGGTGAG-1,0,CD8+ Cytotoxic T
GATCTACTTTGCAG-1,3,CD19+ B
GATCTTACACCCAA-1,1,CD14+ Monocyte
GATCTTACCCTACC-1,0,CD4+/CD25 T Reg
GATCTTACGAATAG-1,1,CD14+ Monocyte
GATCTTACGAGATA-1,1,CD14+ Monocyte
GATGCAACTCCAGA-1,0,CD4+/CD25 T Reg
GATGCCCTACGTAC-1,0,CD4+/CD45RO+ Memory
GATGCCCTCTCATT-1,0,CD4+/CD45RO+ Memory
GATGCCCTGGCAAG-1,1,CD14+ Monocyte
GATGCCCTTTTGCT-1,0,CD4+/CD25 T Reg
GATTACCTTGTTCT-1,0,CD8+ Cytotoxic T
GATTCGGAACGACT-1,0,CD56+ NK
GATTCGGACAGGAG-1,1,CD14+ Monocyte
GATTCGGAGAAGGC-1,1,CD14+ Monocyte
GATTCTTGATTCGG-1,1,CD14+ Monocyte
GATTCTTGCCGATA-1,0,CD4+/CD45RO+ Memory
GATTCTTGCGAGTT-1,3,CD19+ B
GATTGGACCCGTTC-1,3,CD19+ B
GATTGGACGGTGTT-1,3,CD19+ B
GATTGGACTTTCGT-1,3,CD19+ B
GATTGGTGTGTCAG-1,0,CD4+/CD25 T Reg
GATTTAGACACTCC-1,1,CD14+ Monocyte
GATTTAGACTAAGC-1,3,CD19+ B
GATTTAGATTCGTT-1,1,CD14+ Monocyte
GATTTGCTAACGAA-1,0,CD4+/CD25 T Reg
GATTTGCTAACGGG-1,1,CD14+ Monocyte
GCAACCCTCCTCGT-1,1,CD14+ Monocyte
GCAACTGATTGCGA-1,0,CD8+/CD45RA+ Naive Cytotoxic
GCAAGACTACTGGT-1,0,CD4+/CD25 T Reg
GCAAGACTAGGTCT-1,0,CD4+/CD25 T Reg
GCAAGACTCCCTTG-1,0,CD4+/CD25 T Reg
GCAATCGACTGCAA-1,0,CD8+ Cytotoxic T
GCAATCGAGACGTT-1,1,CD14+ Monocyte
GCAATCGATCCTTA-1,1,CD14+ Monocyte
GCAATTCTCGTGTA-1,0,CD4+/CD25 T Reg
GCAATTCTTCTCCG-1,0,CD4+/CD25 T Reg
GCACAAACAATGCC-1,0,CD56+ NK
GCACAAACGGTACT-1,0,CD4+/CD25 T Reg
GCACAATGGTGCAT-1,4,Dendritic
GCACACCTGTGCTA-1,2,CD56+ NK
GCACCACTCATGAC-1,1,CD14+ Monocyte
GCACCACTGTTTGG-1,1,CD14+ Monocyte
GCACCACTTCCTTA-1,2,CD56+ NK
GCACCACTTTCGGA-1,1,CD14+ Monocyte
GCACCTACGCGATT-1,0,CD4+/CD45RO+ Memory
GCACCTTGGCTGTA-1,0,CD4+/CD45RO+ Memory
GCACCTTGGGGAGT-1,1,CD14+ Monocyte
GCACGGACCAGCTA-1,0,CD8+ Cytotoxic T
GCACGGTGACCTCC-1,0,CD4+/CD45RO+ Memory
GCACGGTGCTATGG-1,1,CD14+ Monocyte
GCACTAGAACGGGA-1,0,CD4+/CD45RO+ Memory
GCACTAGAAGATGA-1,3,CD19+ B
GCACTAGACCTTTA-1,1,CD14+ Monocyte
GCACTAGACGTAAC-1,3,CD19+ B
GCACTAGAGTCGTA-1,2,CD56+ NK
GCACTAGATGCAAC-1,0,CD4+/CD25 T Reg
GCACTGCTGAGGCA-1,2,CD56+ NK
GCAGATACAGCGTT-1,2,CD56+ NK
GCAGATACGACGGA-1,0,CD4+/CD25 T Reg
GCAGATACGCAGAG-1,0,CD4+/CD45RO+ Memory
GCAGCCGACAGTCA-1,0,CD56+ NK
GCAGCGTGCACTCC-1,0,CD4+/CD25 T Reg
GCAGCTCTCAATCG-1,0,CD8+/CD45RA+ Naive Cytotoxic
GCAGCTCTGTTTCT-1,0,CD4+/CD45RO+ Memory
GCAGGGCTAAGAAC-1,0,CD4+/CD25 T Reg
GCAGGGCTAAGGGC-1,0,CD8+/CD45RA+ Naive Cytotoxic
GCAGGGCTATCGAC-1,2,CD56+ NK
GCAGGGCTTGGGAG-1,2,CD56+ NK
GCAGTCCTAACTGC-1,0,CD4+/CD25 T Reg
GCAGTCCTCTCTTA-1,0,CD4+/CD25 T Reg
GCATCAGATGCGTA-1,2,CD56+ NK
GCATGTGACAAGCT-1,0,CD4+/CD45RO+ Memory
GCATTGGAGAAGGC-1,0,CD4+/CD25 T Reg
GCCAAAACGAGGCA-1,2,CD56+ NK
GCCAAATGATCGAC-1,2,CD4+/CD45RO+ Memory
GCCAACCTACGGTT-1,0,CD4+/CD25 T Reg
GCCAACCTCGCCTT-1,0,CD4+/CD25 T Reg
GCCACGGAGGCGAA-1,1,CD14+ Monocyte
GCCACGGATACTGG-1,0,CD4+/CD25 T Reg
GCCACTACGTCTTT-1,0,CD4+/CD25 T Reg
GCCCAACTACCGAT-1,0,CD4+/CD25 T Reg
GCCCAACTATGGTC-1,2,CD56+ NK
GCCCATACAGCGTT-1,0,CD56+ NK
GCCGACGAACTCTT-1,1,CD14+ Monocyte
GCCGAGTGCGTTGA-1,2,CD4+/CD45RO+ Memory
GCCGGAACGAACTC-1,2,CD56+ NK
GCCGGAACGTTCTT-1,2,CD56+ NK
GCCGGAACTGCACA-1,2,CD56+ NK
GCCGGAACTTACTC-1,0,CD4+/CD45RO+ Memory
GCCGTACTACCTGA-1,0,CD4+/CD25 T Reg
GCCGTACTGGCAAG-1,1,CD14+ Monocyte
GCCTACACAGTTCG-1,2,CD56+ NK
GCCTACACCACTGA-1,1,CD14+ Monocyte
GCCTACACCTTGAG-1,0,CD4+/CD25 T Reg
GCCTAGCTACGGAG-1,3,CD19+ B
GCCTAGCTCTATTC-1,0,CD4+/CD25 T Reg
GCCTAGCTTCTCAT-1,0,CD4+/CD25 T Reg
GCCTAGCTTCTCTA-1,1,CD14+ Monocyte
GCCTCAACCATGGT-1,0,CD4+/CD25 T Reg
GCCTCAACTCTTTG-1,0,CD56+ NK
GCCTCATGTCTTAC-1,2,CD8+ Cytotoxic T
GCCTGACTCTCAAG-1,1,CD14+ Monocyte
GCGAAGGAACTCTT-1,0,CD56+ NK
GCGAAGGATGCCAA-1,0,CD8+/CD45RA+ Naive Cytotoxic
GCGAGAGAGGGACA-1,0,CD4+/CD45RO+ Memory
GCGAGCACTGTCGA-1,3,CD19+ B
GCGAGCACTTGACG-1,0,CD8+/CD45RA+ Naive Cytotoxic
GCGAGCACTTGCTT-1,1,CD14+ Monocyte
GCGATATGGTACGT-1,0,CD4+/CD25 T Reg
GCGATATGGTGTTG-1,0,CD4+/CD45RO+ Memory
GCGCACGAAGTCGT-1,0,CD8+/CD45RA+ Naive Cytotoxic
GCGCACGACTTTAC-1,1,CD14+ Monocyte
GCGCATCTAGGTCT-1,0,CD4+/CD45RO+ Memory
GCGCATCTGGTTAC-1,5,CD19+ B
GCGCATCTTCGATG-1,0,CD8+/CD45RA+ Naive Cytotoxic
GCGCATCTTGCTCC-1,2,CD56+ NK
GCGCATCTTTCTAC-1,0,CD4+/CD25 T Reg
GCGCGAACGTTCTT-1,3,CD19+ B
GCGCGATGAACGGG-1,0,CD4+/CD45RO+ Memory
GCGCGATGGTGCAT-1,2,CD56+ NK
GCGGAGCTCCTGAA-1,0,CD4+/CD25 T Reg
GCGGCAACCCGATA-1,0,CD4+/CD25 T Reg
GCGGCAACGGAGGT-1,3,CD19+ B
GCGGCAACTGTCGA-1,1,CD14+ Monocyte
GCGTAAACACGGTT-1,4,Dendritic
GCGTAATGCACCAA-1,1,CD14+ Monocyte
GCGTATGAACACCA-1,0,CD4+/CD25 T Reg
GCGTATGATGAGAA-1,1,CD14+ Monocyte
GCTACAGAAAGGTA-1,0,CD4+/CD45RO+ Memory
GCTACAGAATCTTC-1,3,CD19+ B
GCTACCTGAGAAGT-1,1,CD14+ Monocyte
GCTACCTGATCACG-1,0,CD4+/CD25 T Reg
GCTACGCTAGAATG-1,0,CD4+/CD45RO+ Memory
GCTACGCTAGCTAC-1,0,CD4+/CD25 T Reg
GCTACGCTCCCTAC-1,0,CD4+/CD25 T Reg
GCTAGAACAGAGGC-1,3,CD19+ B
GCTAGAACGGATCT-1,0,CD4+/CD25 T Reg
GCTAGAACTCCCGT-1,0,CD8+ Cytotoxic T
GCTAGATGAGCTCA-1,1,CD14+ Monocyte
GCTAGATGGCGATT-1,2,CD56+ NK
GCTATACTAAGGCG-1,0,CD4+/CD25 T Reg
GCTATACTAGCGTT-1,2,CD56+ NK
GCTATACTCTCTTA-1,0,CD4+/CD25 T Reg
GCTATACTGGACGA-1,0,CD56+ NK
GCTCAAGAACCATG-1,1,CD14+ Monocyte
GCTCAAGAAGTCAC-1,1,CD14+ Monocyte
GCTCAGCTGTCTAG-1,0,CD8+/CD45RA+ Naive Cytotoxic
GCTCCATGAGAAGT-1,2,CD56+ NK
GCTCCATGCCGAAT-1,0,CD4+/CD25 T Reg
GCTCGACTCTAGTG-1,1,CD14+ Monocyte
GCTGATGAGGTATC-1,1,CD14+ Monocyte
GCTTAACTACAGTC-1,1,CD14+ Monocyte
GCTTAACTACTGGT-1,2,CD56+ NK
GCTTAACTGCTGAT-1,0,CD4+/CD25 T Reg
GCTTAACTTAGACC-1,1,CD14+ Monocyte
GCTTAACTTCAGTG-1,0,CD4+/CD45RO+ Memory
GGAACACTCACTTT-1,1,CD14+ Monocyte
GGAACACTTCAGAC-1,5,Dendritic
GGAACTACTACTTC-1,0,CD4+/CD25 T Reg
GGAACTTGAAGGTA-1,1,CD14+ Monocyte
GGAACTTGAGAATG-1,0,CD56+ NK
GGAACTTGCTCCAC-1,1,CD14+ Monocyte
GGAACTTGGGTAGG-1,3,CD19+ B
GGAAGGACATCGGT-1,1,CD14+ Monocyte
GGAAGGACCACTAG-1,0,CD4+/CD25 T Reg
GGAAGGACGAGGGT-1,0,CD4+/CD25 T Reg
GGAAGGACGCGAAG-1,0,CD56+ NK
GGAAGGTGGCGAGA-1,2,CD56+ NK
GGAATCTGAAGGGC-1,0,CD4+/CD25 T Reg
GGAATCTGAGGAGC-1,0,CD4+/CD25 T Reg
GGAATCTGCTTAGG-1,3,CD19+ B
GGAATCTGCTTGTT-1,1,CD14+ Monocyte
GGAATCTGGGAGGT-1,0,CD4+/CD25 T Reg
GGAATGCTTTCTAC-1,0,CD4+/CD25 T Reg
GGACAGGAAAGGGC-1,2,CD56+ NK
GGACAGGAGTGCTA-1,3,CD19+ B
GGACAGGATCTCGC-1,0,CD4+/CD25 T Reg
GGACCCGAAGCTAC-1,1,CD14+ Monocyte
GGACCGTGCTTACT-1,1,CD14+ Monocyte
GGACCGTGGGAACG-1,4,Dendritic
GGACCGTGTAACGC-1,0,CD4+/CD25 T Reg
GGACCTCTGTAAGA-1,1,CD14+ Monocyte
GGACCTCTTTTCTG-1,2,CD56+ NK
GGACGAGAGTGTCA-1,1,CD14+ Monocyte
GGACGCTGACGCAT-1,2,CD56+ NK
GGACGCTGCTAGCA-1,0,CD4+/CD45RO+ Memory
GGACGCTGTCCTCG-1,2,CD56+ NK
GGAGAGACGTGAGG-1,0,CD4+/CD25 T Reg
GGAGCAGATTCAGG-1,3,CD19+ B
GGAGCCACCTTCTA-1,3,CD19+ B
GGAGCGCTACGCAT-1,1,CD14+ Monocyte
GGAGCGCTCCGAAT-1,0,CD4+/CD25 T Reg
GGAGGATGCCACCT-1,0,CD8+/CD45RA+ Naive Cytotoxic
GGAGGATGGTTGAC-1,1,CD14+ Monocyte
GGAGGATGTCAGTG-1,1,CD14+ Monocyte
GGAGGCCTCGTTGA-1,2,CD56+ NK
GGAGGCCTTTCTTG-1,0,CD4+/CD25 T Reg
GGAGGTGATACGCA-1,0,CD4+/CD25 T Reg
GGAGGTGATCGCTC-1,0,CD4+/CD25 T Reg
GGATACTGCAGCTA-1,0,CD4+/CD45RO+ Memory
GGATACTGTCTAGG-1,0,CD4+/CD25 T Reg
GGATAGCTCGTCTC-1,0,CD4+/CD25 T Reg
GGATAGCTCTGAAC-1,2,CD56+ NK
GGATGTACCAAAGA-1,3,CD19+ B
GGATGTACGCGAAG-1,0,CD4+/CD45RO+ Memory
GGATGTACGTCTTT-1,1,CD14+ Monocyte
GGATGTACGTGTCA-1,2,CD56+ NK
GGATTTCTAGGTTC-1,0,CD4+/CD25 T Reg
GGATTTCTTTGTCT-1,1,CD14+ Monocyte
GGCAAGGAAAAAGC-1,2,CD56+ NK
GGCAAGGAAGAAGT-1,0,CD4+/CD45RO+ Memory
GGCAAGGACTTGGA-1,1,CD14+ Monocyte
GGCAAGGAGGACTT-1,0,CD4+/CD45RO+ Memory
GGCAATACGCTAAC-1,3,CD19+ B
GGCAATACGGCATT-1,2,CD56+ NK
GGCAATACGTTTCT-1,3,CD19+ B
GGCACGTGGCTTAG-1,1,CD14+ Monocyte
GGCACTCTTTTGTC-1,0,CD4+/CD25 T Reg
GGCATATGCTTATC-1,2,CD56+ NK
GGCATATGGGGAGT-1,5,Dendritic
GGCATATGTGTGAC-1,0,CD4+/CD45RO+ Memory
GGCCACGACAGAGG-1,0,CD4+/CD45RO+ Memory
GGCCAGACTGGTTG-1,0,CD4+/CD45RO+ Memory
GGCCCAGAAAGTAG-1,1,CD14+ Monocyte
GGCCGAACAACGAA-1,0,CD4+/CD45RO+ Memory
GGCCGAACGCAGAG-1,0,CD8+/CD45RA+ Naive Cytotoxic
GGCCGAACGTAGGG-1,0,CD4+/CD25 T Reg
GGCCGAACTCTAGG-1,2,CD56+ NK
GGCCGATGCAGGAG-1,0,CD4+/CD45RO+ Memory
GGCCGATGCCGAAT-1,0,CD4+/CD25 T Reg
GGCCGATGTACTCT-1,2,CD56+ NK
GGCGACACTGCCCT-1,2,CD56+ NK
GGCGACTGCGTAAC-1,0,CD4+/CD25 T Reg
GGCGCATGCCTAAG-1,1,CD14+ Monocyte
GGCGCATGCTCCAC-1,0,CD4+/CD45RO+ Memory
GGCGCATGTGGAAA-1,0,CD4+/CD25 T Reg
GGCGGACTAGAGGC-1,0,CD4+/CD45RO+ Memory
GGCGGACTAGGAGC-1,2,CD56+ NK
GGCGGACTCTGACA-1,0,CD4+/CD25 T Reg
GGCGGACTCTTGGA-1,2,CD56+ NK
GGCGGACTTACTGG-1,0,CD8+/CD45RA+ Naive Cytotoxic
GGCGGACTTGAACC-1,0,CD4+/CD25 T Reg
GGCTAAACACCTGA-1,2,CD56+ NK
GGCTAAACTCTTAC-1,0,CD4+/CD25 T Reg
GGCTAATGAGCACT-1,2,CD56+ NK
GGCTAATGGTCTAG-1,0,CD4+/CD25 T Reg
GGCTCACTACTCAG-1,1,CD14+ Monocyte
GGGAACGAAGCTCA-1,1,CD14+ Monocyte
GGGAACGACACAAC-1,3,CD19+ B
GGGAACGAGTGTCA-1,1,CD14+ Monocyte
GGGAAGTGTTGAGC-1,1,CD14+ Monocyte
GGGACCACACGTTG-1,2,CD56+ NK
GGGACCACAGAACA-1,0,CD4+/CD45RO+ Memory
GGGACCACGAATAG-1,0,CD4+/CD25 T Reg
GGGACCACGTCATG-1,0,CD8+/CD45RA+ Naive Cytotoxic
GGGACCACTCAAGC-1,0,CD4+/CD45RA+/CD25- Naive T
GGGACCACTCGTGA-1,0,CD4+/CD45RA+/CD25- Naive T
GGGACCACTGCATG-1,0,CD4+/CD45RO+ Memory
GGGACCTGACCCTC-1,1,CD14+ Monocyte
GGGACCTGCTTGCC-1,0,CD4+/CD45RO+ Memory
GGGACCTGTGGAGG-1,3,CD19+ B
GGGATGGACGACAT-1,3,Dendritic
GGGATGGATACTTC-1,0,CD4+/CD25 T Reg
GGGATGGATGGTTG-1,1,CD14+ Monocyte
GGGATTACGTCTAG-1,0,CD4+/CD25 T Reg
GGGCAAGATGCATG-1,1,CD14+ Monocyte
GGGCACACGGTGAG-1,1,CD14+ Monocyte
GGGCACACGTTGCA-1,0,CD4+/CD45RO+ Memory
GGGCAGCTTGGGAG-1,0,CD56+ NK
GGGCAGCTTTTCTG-1,0,CD4+/CD45RA+/CD25- Naive T
GGGCCAACCTTGGA-1,4,Dendritic
GGGCCAACGCGTTA-1,3,CD19+ B
GGGCCAACTACGCA-1,1,CD14+ Monocyte
GGGCCAACTCCAAG-1,3,CD19+ B
GGGCCATGATGGTC-1,2,CD8+ Cytotoxic T
GGGCCATGTTGACG-1,0,CD4+/CD25 T Reg
GGGTAACTCAGCTA-1,0,CD4+/CD25 T Reg
GGGTAACTCTAGTG-1,3,CD19+ B
GGGTAACTCTGGAT-1,0,CD4+/CD25 T Reg
GGGTTAACGTGCAT-1,2,CD56+ NK
GGTAAAGAGCTAAC-1,2,CD56+ NK
GGTACAACTGCAAC-1,0,CD4+/CD25 T Reg
GGTACATGAAAGCA-1,3,CD19+ B
GGTACATGAGCTCA-1,0,CD4+/CD45RO+ Memory
GGTACATGCGGTAT-1,0,CD4+/CD25 T Reg
GGTACATGGTTACG-1,0,CD4+/CD45RO+ Memory
GGTACATGTGGGAG-1,0,CD4+/CD25 T Reg
GGTACTGAACTCTT-1,1,CD14+ Monocyte
GGTAGTACACCACA-1,2,CD56+ NK
GGTAGTACACTAGC-1,1,CD14+ Monocyte
GGTAGTACCCTGTC-1,0,CD8+/CD45RA+ Naive Cytotoxic
GGTAGTACGCCATA-1,1,CD14+ Monocyte
GGTAGTACTGTCTT-1,0,CD56+ NK
GGTATCGAGACAAA-1,1,CD14+ Monocyte
GGTATCGATGAACC-1,3,CD34+
GGTCAAACCAAAGA-1,0,CD4+/CD25 T Reg
GGTCTAGAGAAACA-1,1,CD14+ Monocyte
GGTCTAGATAGCGT-1,1,CD14+ Monocyte
GGTGATACCGACTA-1,3,CD19+ B
GGTGATACGACTAC-1,1,CD14+ Monocyte
GGTGATACTGTTTC-1,0,CD4+/CD25 T Reg
GGTGGAGAAACGGG-1,2,CD56+ NK
GGTGGAGAAGTAGA-1,0,CD4+/CD25 T Reg
GGTGGAGACAGATC-1,2,CD56+ NK
GGTGGAGATCGATG-1,0,CD4+/CD45RO+ Memory
GGTGGAGATCTCTA-1,1,CD14+ Monocyte
GGTGGAGATTACTC-1,2,CD56+ NK
GGTTTACTACGCAT-1,2,CD56+ NK
GTAACGTGACCTCC-1,1,CD14+ Monocyte
GTAACGTGATCGGT-1,3,CD19+ B
GTAACGTGCAGCTA-1,3,CD19+ B
GTAACGTGGTTGAC-1,3,CD19+ B
GTAAGCACAACGGG-1,0,CD4+/CD25 T Reg
GTAAGCACTCATTC-1,3,CD19+ B
GTAAGCTGGTACCA-1,1,CD14+ Monocyte
GTAATAACCTTCTA-1,1,CD14+ Monocyte
GTAATAACGTTGTG-1,0,CD56+ NK
GTACCCTGACAGTC-1,1,CD14+ Monocyte
GTACCCTGGAGCTT-1,0,CD4+/CD25 T Reg
GTACCCTGTCCTTA-1,2,CD56+ NK
GTACCCTGTGAACC-1,0,CD4+/CD25 T Reg
GTACGTGAACGTTG-1,2,CD56+ NK
GTACTTTGTCGACA-1,2,CD56+ NK
GTAGACTGAGATGA-1,1,CD14+ Monocyte
GTAGACTGTATTCC-1,0,CD4+/CD25 T Reg
GTAGCAACAGTCGT-1,1,CD14+ Monocyte
GTAGCAACCATTTC-1,3,CD19+ B
GTAGCAACGGTAGG-1,1,CD14+ Monocyte
GTAGCATGCACTCC-1,3,CD19+ B
GTAGCATGTAAGCC-1,1,CD14+ Monocyte
GTAGCCCTGACGTT-1,0,CD4+/CD45RO+ Memory
GTAGCTGAAGCTAC-1,1,CD14+ Monocyte
GTAGCTGAATTCGG-1,0,CD4+/CD45RO+ Memory
GTAGGTACACGGGA-1,1,CD14+ Monocyte
GTAGTGACCTCATT-1,0,CD4+/CD45RO+ Memory
GTAGTGTGAGCGGA-1,2,CD56+ NK
GTAGTGTGAGGCGA-1,1,CD14+ Monocyte
GTAGTGTGTGGTTG-1,0,CD4+/CD45RO+ Memory
GTATCACTGGTAGG-1,1,CD14+ Monocyte
GTATCTACAGAAGT-1,2,CD56+ NK
GTATCTACGACGAG-1,2,CD56+ NK
GTATCTACGTTACG-1,0,CD4+/CD25 T Reg
GTATTAGAAACAGA-1,0,CD4+/CD25 T Reg
GTATTAGAGGTCTA-1,0,CD56+ NK
GTATTCACACAGCT-1,0,CD8+/CD45RA+ Naive Cytotoxic
GTATTCACGGGTGA-1,2,CD56+ NK
GTCAACGACACTGA-1,0,CD4+/CD45RO+ Memory
GTCAACGAGTGTAC-1,1,CD14+ Monocyte
GTCAATCTACACCA-1,2,CD56+ NK
GTCAATCTGTAGCT-1,0,CD56+ NK
GTCAATCTTGTGGT-1,0,CD4+/CD25 T Reg
GTCACCTGCCTCCA-1,0,CD4+/CD45RO+ Memory
GTCACCTGTCCCGT-1,0,CD4+/CD25 T Reg
GTCATACTAATCGC-1,3,CD19+ B
GTCATACTGCGATT-1,2,CD56+ NK
GTCATACTTCGCCT-1,5,CD14+ Monocyte
GTCATACTTTACCT-1,2,CD56+ NK
GTCATACTTTGACG-1,0,CD4+/CD25 T Reg
GTCCAAGAAAAACG-1,0,CD4+/CD25 T Reg
GTCCACTGACCTCC-1,0,CD4+/CD25 T Reg
GTCCACTGGGTACT-1,1,CD14+ Monocyte
GTCCAGCTACGGGA-1,0,CD4+/CD25 T Reg
GTCCCATGTGGTGT-1,1,CD14+ Monocyte
GTCGAATGAAGGCG-1,1,CD14+ Monocyte
GTCGACCTGAATGA-1,2,CD56+ NK
GTCGACCTGTTCAG-1,0,CD4+/CD45RO+ Memory
GTCGCACTTGAGAA-1,3,CD19+ B
GTCTAACTGGTCTA-1,1,CD14+ Monocyte
GTCTAGGAGCTTCC-1,1,CD14+ Monocyte
GTGAACACACTCTT-1,0,CD4+/CD25 T Reg
GTGAACACTCAGGT-1,0,CD4+/CD25 T Reg
GTGACCCTTAAGCC-1,0,CD8+ Cytotoxic T
GTGATGACAAGTGA-1,0,CD4+/CD25 T Reg
GTGATGACCTGAGT-1,3,CD19+ B
GTGATGACGGTTTG-1,2,CD56+ NK
GTGATTCTCATTTC-1,0,CD4+/CD25 T Reg
GTGATTCTCTCTCG-1,1,CD14+ Monocyte
GTGATTCTGGTTCA-1,2,CD56+ NK
GTGATTCTGTCGAT-1,0,CD4+/CD25 T Reg
GTGATTCTTAGCGT-1,3,CD19+ B
GTGCCACTCAGGAG-1,0,CD4+/CD25 T Reg
GTGGATTGCACTAG-1,1,CD14+ Monocyte
GTGGATTGCGGAGA-1,0,CD4+/CD45RO+ Memory
GTGGATTGTAACGC-1,0,CD4+/CD25 T Reg
GTGTACGATCAGTG-1,0,CD4+/CD45RO+ Memory
GTGTAGTGGGTACT-1,0,CD4+/CD25 T Reg
GTGTATCTAGCCTA-1,3,CD19+ B
GTGTATCTAGTAGA-1,2,CD56+ NK
GTGTATCTGTTACG-1,3,CD19+ B
GTGTCAGAAGCGTT-1,2,CD56+ NK
GTTAAAACCGAGAG-1,2,CD56+ NK
GTTAAATGCTCGAA-1,0,CD8+ Cytotoxic T
GTTAAATGTCGACA-1,3,CD19+ B
GTTAACCTAGCTAC-1,0,CD4+/CD25 T Reg
GTTAACCTTGCTTT-1,4,Dendritic
GTTAGGTGCACTCC-1,0,CD4+/CD25 T Reg
GTTAGGTGCCAGTA-1,1,CD14+ Monocyte
GTTAGGTGCCCAAA-1,1,CD14+ Monocyte
GTTAGGTGGAACTC-1,3,CD19+ B
GTTAGTCTAAGAAC-1,2,CD56+ NK
GTTATAGAGGACAG-1,0,CD8+ Cytotoxic T
GTTATGCTTTCATC-1,0,CD4+/CD25 T Reg
GTTCAACTGGGACA-1,2,CD56+ NK
GTTCAACTTATGCG-1,0,CD8+/CD45RA+ Naive Cytotoxic
GTTGACGAGCCCTT-1,2,CD56+ NK
GTTGACGATATCGG-1,2,CD56+ NK
GTTGAGTGGTCTTT-1,1,CD14+ Monocyte
GTTGAGTGTGCTTT-1,0,CD4+/CD25 T Reg
GTTGATCTGGGACA-1,0,CD34+
GTTGATCTTTTCAC-1,2,CD56+ NK
GTTGGATGTTTACC-1,1,CD14+ Monocyte
GTTGTACTATTCCT-1,1,CD14+ Monocyte
GTTGTACTTTTGGG-1,0,CD8+/CD45RA+ Naive Cytotoxic
GTTTAAGACCATGA-1,1,CD14+ Monocyte
GTTTAAGACTGTCC-1,2,CD56+ NK
TAAACAACCAACCA-1,0,CD4+/CD25 T Reg
TAAACAACGAATCC-1,3,CD19+ B
TAAAGACTCAGGAG-1,0,CD56+ NK
TAAATCGATGAGGG-1,0,CD4+/CD45RO+ Memory
TAACAATGTGCCCT-1,3,CD19+ B
TAACACCTTCGCTC-1,1,CD14+ Monocyte
TAACACCTTCGTAG-1,1,CD14+ Monocyte
TAACACCTTGTTTC-1,5,CD34+
TAACATGACACTAG-1,3,CD8+ Cytotoxic T
TAACCGGACTTACT-1,0,CD4+/CD25 T Reg
TAACGTCTCAACCA-1,1,CD14+ Monocyte
TAACGTCTCATTGG-1,0,CD4+/CD25 T Reg
TAACTAGAATTTCC-1,0,CD4+/CD25 T Reg
TAACTAGACTTAGG-1,0,CD4+/CD45RO+ Memory
TAACTAGATCTGGA-1,0,CD4+/CD45RA+/CD25- Naive T
TAACTCACGAGGAC-1,1,CD14+ Monocyte
TAACTCACGTACAC-1,3,CD19+ B
TAACTCACGTATCG-1,1,CD14+ Monocyte
TAACTCACTCTACT-1,2,CD56+ NK
TAAGAACTGTGTCA-1,1,CD14+ Monocyte
TAAGAGGACTAAGC-1,3,CD19+ B
TAAGAGGACTTGTT-1,2,CD56+ NK
TAAGATACGGTTCA-1,1,CD14+ Monocyte
TAAGATTGCGTAGT-1,0,CD4+/CD25 T Reg
TAAGATTGTTGCTT-1,0,CD56+ NK
TAAGCGTGAGGTTC-1,1,CD14+ Monocyte
TAAGCGTGGACAAA-1,1,CD14+ Monocyte
TAAGCGTGGGAAAT-1,0,CD4+/CD25 T Reg
TAAGCGTGTGCTCC-1,1,CD14+ Monocyte
TAAGGCTGCCATGA-1,0,CD56+ NK
TAAGGCTGCTGCTC-1,0,CD4+/CD45RO+ Memory
TAAGGCTGTCTCGC-1,1,CD14+ Monocyte
TAAGGGCTGCTGTA-1,0,CD4+/CD25 T Reg
TAAGGGCTTTACTC-1,0,CD4+/CD25 T Reg
TAAGTAACCGAGAG-1,3,CD19+ B
TAAGTAACCTCCAC-1,3,CD19+ B
TAAGTAACCTGTAG-1,0,CD56+ NK
TAAGTAACTTGTCT-1,0,CD56+ NK
TAATGATGAGCGGA-1,0,CD4+/CD45RO+ Memory
TAATGCCTCATGAC-1,0,CD4+/CD45RO+ Memory
TAATGCCTCGTCTC-1,2,CD56+ NK
TAATGTGAAGATGA-1,0,CD4+/CD25 T Reg
TAATGTGACTGCAA-1,1,CD14+ Monocyte
TAATGTGATTACTC-1,0,CD56+ NK
TACAAATGGGTACT-1,0,CD4+/CD25 T Reg
TACAATGAAAACAG-1,1,CD14+ Monocyte
TACAATGACTTAGG-1,0,CD4+/CD25 T Reg
TACAATGATGCTAG-1,2,CD56+ NK
TACACACTCACACA-1,0,CD4+/CD25 T Reg
TACACACTCTTACT-1,0,CD4+/CD25 T Reg
TACATAGAACGCAT-1,2,CD56+ NK
TACATCACACGGGA-1,0,CD4+/CD25 T Reg
TACATCACCTGTTT-1,1,CD14+ Monocyte
TACATCACGCTAAC-1,3,CD19+ B
TACATCACTGAACC-1,1,CD14+ Monocyte
TACCATTGAGGTTC-1,0,CD4+/CD45RO+ Memory
TACCATTGCGGGAA-1,1,CD14+ Monocyte
TACCATTGGGGATG-1,1,CD14+ Monocyte
TACCATTGTGAGGG-1,1,CD14+ Monocyte
TACCGGCTGTTGGT-1,0,CD4+/CD25 T Reg
TACGAGTGATCTCT-1,0,CD4+/CD45RO+ Memory
TACGAGTGATGCTG-1,1,CD14+ Monocyte
TACGAGTGCGGAGA-1,0,CD4+/CD25 T Reg
TACGAGTGGTTGGT-1,0,CD4+/CD25 T Reg
TACGATCTAGTGTC-1,0,CD4+/CD45RO+ Memory
TACGATCTCACTGA-1,1,CD14+ Monocyte
TACGATCTTACGAC-1,0,CD56+ NK
TACGCAGAGAATCC-1,2,CD56+ NK
TACGCCACATTCCT-1,0,CD56+ NK
TACGCCACTCCCAC-1,1,CD14+ Monocyte
TACGCCACTCCGAA-1,3,CD19+ B
TACGGAACGCGTTA-1,3,CD19+ B
TACGGCCTGGGACA-1,2,CD56+ NK
TACGTACTACGGAG-1,0,CD56+ NK
TACGTACTCAGTTG-1,0,CD4+/CD25 T Reg
TACGTACTCCCGTT-1,3,CD19+ B
TACGTTACAGAAGT-1,0,CD4+/CD25 T Reg
TACGTTACCAAGCT-1,1,CD14+ Monocyte
TACTAAGAAAGGTA-1,3,CD19+ B
TACTAAGAATCACG-1,0,CD4+/CD25 T Reg
TACTAAGATGATGC-1,1,CD14+ Monocyte
TACTAAGATTGCGA-1,0,CD4+/CD25 T Reg
TACTACACGAGAGC-1,0,CD4+/CD45RO+ Memory
TACTACACTTACCT-1,0,CD19+ B
TACTACTGAACCTG-1,1,CD14+ Monocyte
TACTACTGATGTCG-1,2,CD56+ NK
TACTACTGATTCTC-1,0,CD4+/CD45RO+ Memory
TACTACTGTATGGC-1,0,CD4+/CD25 T Reg
TACTCAACGGTCTA-1,1,CD14+ Monocyte
TACTCAACTGCTAG-1,3,CD19+ B
TACTCCCTCAGTTG-1,0,CD4+/CD25 T Reg
TACTCTGAATCGAC-1,2,CD56+ NK
TACTCTGACGAGTT-1,0,CD4+/CD25 T Reg
TACTCTGATTGACG-1,3,CD19+ B
TACTGGGATCGATG-1,0,CD4+/CD25 T Reg
TACTGTTGAAAGCA-1,0,CD4+/CD25 T Reg
TACTGTTGAGGCGA-1,2,CD56+ NK
TACTGTTGCTGAAC-1,3,CD19+ B
TACTTGACTCCTCG-1,2,CD56+ NK
TACTTGACTGGTGT-1,3,CD19+ B
TACTTTCTTTTGGG-1,2,CD56+ NK
TAGAAACTAATCGC-1,0,CD4+/CD25 T Reg
TAGAAACTGCTTCC-1,1,CD14+ Monocyte
TAGAAACTGGGATG-1,2,CD56+ NK
TAGAATTGCGACAT-1,0,CD4+/CD25 T Reg
TAGAATTGTATCGG-1,0,CD4+/CD25 T Reg
TAGACGTGCTTGAG-1,0,CD4+/CD25 T Reg
TAGACGTGTCGCTC-1,0,CD4+/CD45RO+ Memory
TAGAGCACCTTACT-1,3,CD19+ B
TAGATTGACTTGTT-1,3,CD19+ B
TAGATTGAGGCATT-1,2,CD56+ NK
TAGCATCTCAGCTA-1,2,CD56+ NK
TAGCATCTCCCTCA-1,0,CD4+/CD45RO+ Memory
TAGCATCTGCTGTA-1,1,CD14+ Monocyte
TAGCATCTGGGACA-1,0,CD8+/CD45RA+ Naive Cytotoxic
TAGCATCTTGTCGA-1,0,CD4+/CD25 T Reg
TAGCCCACAAAAGC-1,0,CD4+/CD25 T Reg
TAGCCCACAGCCAT-1,2,CD56+ NK
TAGCCCACAGCTAC-1,2,CD56+ NK
TAGCCCACCCACAA-1,0,CD4+/CD25 T Reg
TAGCCCTGCGGAGA-1,2,CD56+ NK
TAGCCGCTTACGAC-1,0,CD4+/CD25 T Reg
TAGCCGCTTACTTC-1,2,CD56+ NK
TAGCCGCTTTCCAT-1,1,CD14+ Monocyte
TAGCTACTGAATAG-1,3,CD19+ B
TAGCTACTGTAGCT-1,0,CD4+/CD45RO+ Memory
TAGCTACTTTTGCT-1,2,CD8+ Cytotoxic T
TAGGACTGTGCTGA-1,0,CD56+ NK
TAGGAGCTAAGGCG-1,3,CD19+ B
TAGGAGCTGAGGGT-1,0,CD4+/CD45RO+ Memory
TAGGAGCTTGCATG-1,3,CD19+ B
TAGGCAACCGTCTC-1,3,CD19+ B
TAGGCATGCTCTCG-1,4,Dendritic
TAGGCATGGCGAGA-1,2,CD56+ NK
TAGGCTGATGCCTC-1,1,CD14+ Monocyte
TAGGGACTGAACTC-1,2,CD56+ NK
TAGGTCGACACTGA-1,0,CD56+ NK
TAGGTCGAGGATCT-1,3,CD19+ B
TAGGTGACACACTG-1,0,CD4+/CD25 T Reg
TAGGTGACACGTTG-1,3,CD19+ B
TAGGTGTGTTCTGT-1,0,CD4+/CD45RA+/CD25- Naive T
TAGGTTCTGAAGGC-1,0,CD4+/CD25 T Reg
TAGGTTCTTCTTAC-1,1,CD14+ Monocyte
TAGGTTCTTGCTGA-1,1,CD14+ Monocyte
TAGTAAACCTCGCT-1,0,CD4+/CD25 T Reg
TAGTAAACGTCACA-1,0,CD4+/CD45RO+ Memory
TAGTAATGAGATCC-1,0,CD4+/CD25 T Reg
TAGTACCTAAGAAC-1,1,CD14+ Monocyte
TAGTATGATCTTAC-1,3,CD19+ B
TAGTATGATTCTCA-1,0,CD4+/CD45RO+ Memory
TAGTCTTGGCTGTA-1,0,CD4+/CD45RO+ Memory
TAGTCTTGGGACTT-1,0,CD56+ NK
TAGTCTTGTGGAAA-1,2,CD56+ NK
TAGTGGTGAAGTGA-1,2,CD56+ NK
TAGTTAGAACCACA-1,2,CD56+ NK
TAGTTAGATGAACC-1,0,CD4+/CD25 T Reg
TATAAGACAACAGA-1,2,CD56+ NK
TATAAGACAGCTCA-1,1,CD14+ Monocyte
TATAAGTGACACCA-1,1,CD14+ Monocyte
TATAAGTGTATCGG-1,1,CD14+ Monocyte
TATAAGTGTGGTGT-1,1,CD14+ Monocyte
TATACAGAACCCTC-1,2,CD56+ NK
TATACAGAAGAACA-1,0,CD4+/CD25 T Reg
TATACAGATCCAGA-1,0,CD4+/CD25 T Reg
TATACCACCTGATG-1,3,CD19+ B
TATACGCTACCAAC-1,0,CD4+/CD25 T Reg
TATAGATGGACGGA-1,0,CD4+/CD25 T Reg
TATAGATGTTCCGC-1,1,CD14+ Monocyte
TATCCAACCAGCTA-1,1,CD14+ Monocyte
TATCCAACTCTCTA-1,2,CD56+ NK
TATCGACTACTAGC-1,2,CD56+ NK
TATCGACTCGATAC-1,1,CD14+ Monocyte
TATCGTACAGATGA-1,2,CD56+ NK
TATCGTACATTCCT-1,1,CD14+ Monocyte
TATCTCGAGAGATA-1,0,CD4+/CD45RA+/CD25- Naive T
TATCTGACAGGTTC-1,2,CD56+ NK
TATCTGACTGTTTC-1,2,CD56+ NK
TATCTTCTAAACAG-1,0,CD4+/CD45RO+ Memory
TATGAATGGAGGAC-1,2,CD56+ NK
TATGAATGTTTGCT-1,1,CD14+ Monocyte
TATGCGGATAACCG-1,0,CD4+/CD25 T Reg
TATGGGTGCATCAG-1,2,CD56+ NK
TATGGGTGCTAGCA-1,3,CD19+ B
TATGGTCTCTACCC-1,0,CD4+/CD25 T Reg
TATGTCACGGAACG-1,3,CD19+ B
TATGTCACTAACCG-1,1,CD14+ Monocyte
TATGTCACTTCTCA-1,3,CD19+ B
TATGTGCTCCGATA-1,1,CD14+ Monocyte
TATGTGCTGGATTC-1,0,CD4+/CD45RO+ Memory
TATTGCTGAAGAAC-1,1,CD14+ Monocyte
TATTGCTGCCGTTC-1,3,CD19+ B
TATTGCTGTCTGGA-1,0,CD4+/CD45RO+ Memory
TATTGCTGTGCACA-1,2,CD56+ NK
TATTTCCTATTGGC-1,1,CD14+ Monocyte
TATTTCCTGGAGGT-1,2,CD56+ NK
TATTTCCTGGTGTT-1,0,CD4+/CD45RO+ Memory
TCAACACTGTTTGG-1,2,CD56+ NK
TCAAGGACAGCGTT-1,0,CD4+/CD25 T Reg
TCAAGGACATTCTC-1,2,CD56+ NK
TCAAGGACGGTGTT-1,1,CD14+ Monocyte
TCAATCACACTCTT-1,2,CD56+ NK
TCAATCACAGTCGT-1,1,CD14+ Monocyte
TCACAACTATGTGC-1,0,CD4+/CD25 T Reg
TCACAACTTTGCTT-1,1,CD14+ Monocyte
TCACATACACTTTC-1,0,CD8+ Cytotoxic T
TCACATACAGGGTG-1,0,CD4+/CD45RO+ Memory
TCACCCGAGACGGA-1,1,CD14+ Monocyte
TCACCGTGCTCGCT-1,1,CD14+ Monocyte
TCACCTCTACGACT-1,2,CD56+ NK
TCACCTCTTCCAAG-1,1,CD14+ Monocyte
TCACGAGAGGAGGT-1,3,CD19+ B
TCACTATGGGGCAA-1,2,CD56+ NK
TCACTATGGTTGTG-1,3,CD19+ B
TCAGACGACGCTAA-1,0,CD4+/CD45RA+/CD25- Naive T
TCAGACGACGTTAG-1,2,CD56+ NK
TCAGAGACTCCAGA-1,0,CD4+/CD25 T Reg
TCAGCAGACTCCAC-1,0,CD4+/CD45RA+/CD25- Naive T
TCAGCGCTCTAGTG-1,2,CD56+ NK
TCAGCGCTGGATCT-1,3,CD19+ B
TCAGCGCTGGTATC-1,2,CD56+ NK
TCAGGATGAAGTAG-1,0,CD8+/CD45RA+ Naive Cytotoxic
TCAGGATGCCTTTA-1,1,CD14+ Monocyte
TCAGTGGAAGATCC-1,2,CD56+ NK
TCAGTTACCTACGA-1,1,CD14+ Monocyte
TCAGTTACTAGAAG-1,0,CD4+/CD25 T Reg
TCATCAACCCGATA-1,0,CD4+/CD25 T Reg
TCATCAACTGTTCT-1,1,CD14+ Monocyte
TCATCATGCAGTTG-1,0,CD4+/CD25 T Reg
TCATCCCTTACTGG-1,0,CD4+/CD45RO+ Memory
TCATTCGATACAGC-1,1,CD14+ Monocyte
TCCACGTGGAAACA-1,0,CD8+/CD45RA+ Naive Cytotoxic
TCCACTCTACACTG-1,0,CD4+/CD25 T Reg
TCCACTCTGAGCTT-1,1,CD14+ Monocyte
TCCACTCTTACTTC-1,3,CD19+ B
TCCATAACAAAGTG-1,0,CD4+/CD25 T Reg
TCCATAACCGTAGT-1,3,CD19+ B
TCCATAACGATGAA-1,0,CD4+/CD25 T Reg
TCCATAACTACGCA-1,0,CD4+/CD25 T Reg
TCCATCCTCCCTAC-1,2,CD56+ NK
TCCCACGATCATTC-1,0,CD4+/CD25 T Reg
TCCCATCTCAAAGA-1,1,CD14+ Monocyte
TCCCGAACACAGTC-1,2,CD56+ NK
TCCCGAACTTCGCC-1,1,CD14+ Monocyte
TCCCGATGAGATCC-1,0,CD4+/CD25 T Reg
TCCCGATGCCTGAA-1,1,CD14+ Monocyte
TCCCTACTCAACTG-1,3,CD19+ B
TCCGAAGACAATCG-1,1,CD14+ Monocyte
TCCGAAGACGTTAG-1,0,CD4+/CD45RO+ Memory
TCCGGACTGAGGTG-1,0,CD4+/CD25 T Reg
TCCGGACTGTACGT-1,2,CD56+ NK
TCCTAAACATCGAC-1,0,CD8+ Cytotoxic T
TCCTAAACCGAGAG-1,0,CD4+/CD25 T Reg
TCCTAAACCGCATA-1,2,CD56+ NK
TCCTAATGGTTTGG-1,2,CD56+ NK
TCCTACCTGTCGTA-1,0,CD4+/CD25 T Reg
TCCTATGAAAAGCA-1,2,CD56+ NK
TCGAATCTCTGGTA-1,2,CD56+ NK
TCGACCTGCCGATA-1,1,CD14+ Monocyte
TCGACGCTTCTATC-1,1,CD14+ Monocyte
TCGACGCTTTGACG-1,0,CD4+/CD25 T Reg
TCGAGAACGACAGG-1,0,CD8+ Cytotoxic T
TCGAGAACGTTAGC-1,0,CD4+/CD25 T Reg
TCGAGCCTATCAGC-1,3,CD19+ B
TCGAGCCTGCGAGA-1,2,CD56+ NK
TCGAGCCTTGTGAC-1,0,CD4+/CD25 T Reg
TCGATACTATTCCT-1,0,CD56+ NK
TCGATACTTGCACA-1,0,CD4+/CD25 T Reg
TCGATTTGATGCCA-1,1,CD14+ Monocyte
TCGATTTGCACTCC-1,0,CD4+/CD25 T Reg
TCGATTTGCAGCTA-1,2,CD56+ NK
TCGATTTGCCTACC-1,1,CD14+ Monocyte
TCGATTTGTCGTGA-1,3,CD19+ B
TCGCAGCTAGATCC-1,2,CD56+ NK
TCGCCATGAGACTC-1,0,CD4+/CD25 T Reg
TCGCCATGTGGTCA-1,3,CD19+ B
TCGGACCTAACAGA-1,0,CD4+/CD45RO+ Memory
TCGGACCTATAAGG-1,3,CD19+ B
TCGGACCTGTACAC-1,0,CD4+/CD25 T Reg
TCGGTAGAGTAGGG-1,0,CD4+/CD25 T Reg
TCGGTAGATCCCAC-1,3,CD19+ B
TCGTAGGATCGACA-1,0,CD4+/CD25 T Reg
TCGTTATGGACAAA-1,0,CD8+ Cytotoxic T
TCTAACACCAGTTG-1,2,CD56+ NK
TCTAACACGAGCAG-1,4,Dendritic
TCTAACTGAACCAC-1,0,CD8+ Cytotoxic T
TCTAAGCTAATGCC-1,0,CD4+/CD25 T Reg
TCTAAGCTTAGTCG-1,2,CD56+ NK
TCTAAGCTTCTAGG-1,1,CD14+ Monocyte
TCTAAGCTTGTTCT-1,1,CD14+ Monocyte
TCTAAGCTTTCGCC-1,3,CD19+ B
TCTACAACGACTAC-1,1,CD14+ Monocyte
TCTAGACTTAGAAG-1,1,CD14+ Monocyte
TCTAGTTGCACCAA-1,1,CD14+ Monocyte
TCTATGTGAAGAGT-1,1,CD14+ Monocyte
TCTATGTGAGTCTG-1,2,CD56+ NK
TCTCAAACCTAAGC-1,3,CD19+ B
TCTCTAGAATTTCC-1,0,CD4+/CD25 T Reg
TCTGATACACGTGT-1,0,CD4+/CD25 T Reg
TCTGATACTCGCCT-1,0,CD4+/CD45RO+ Memory
TCTTACGAACCTGA-1,1,CD14+ Monocyte
TCTTCAGAGCTACA-1,1,CD14+ Monocyte
TCTTGATGCGGAGA-1,2,CD56+ NK
TGAAATTGGTGAGG-1,1,CD14+ Monocyte
TGAACCGAAAACGA-1,0,CD4+/CD25 T Reg
TGAACCGACTACTT-1,1,CD14+ Monocyte
TGAACCGATTCGGA-1,1,CD14+ Monocyte
TGAAGCACTCACGA-1,2,CD56+ NK
TGAAGCTGAACGAA-1,0,CD4+/CD45RO+ Memory
TGAAGCTGCATGGT-1,3,CD19+ B
TGAAGCTGCGTAAC-1,0,CD4+/CD25 T Reg
TGAATAACCACTTT-1,0,CD4+/CD25 T Reg
TGAATAACTCCCAC-1,2,CD56+ NK
TGACACGACCTTAT-1,3,CD19+ B
TGACCAGACAACCA-1,0,CD4+/CD45RO+ Memory
TGACCAGAGGATTC-1,0,CD8+/CD45RA+ Naive Cytotoxic
TGACCGCTAAAAGC-1,0,CD4+/CD25 T Reg
TGACCGCTCTGCAA-1,0,CD4+/CD25 T Reg
TGACGATGCAAAGA-1,1,CD14+ Monocyte
TGACGCCTGTACCA-1,0,CD4+/CD25 T Reg
TGACGCCTTTACTC-1,0,CD4+/CD25 T Reg
TGACTGGAAGAGAT-1,1,CD14+ Monocyte
TGACTGGACCGTAA-1,0,CD4+/CD25 T Reg
TGACTGGACGCAAT-1,0,CD4+/CD25 T Reg
TGACTGGAGGACAG-1,3,CD19+ B
TGACTGGATTCTCA-1,0,CD4+/CD45RO+ Memory
TGACTTACACACCA-1,0,CD4+/CD25 T Reg
TGACTTACAGTCTG-1,1,CD14+ Monocyte
TGACTTTGCGCATA-1,0,CD8+/CD45RA+ Naive Cytotoxic
TGACTTTGTTTGTC-1,0,CD4+/CD25 T Reg
TGAGACACAAGGTA-1,0,CD4+/CD45RO+ Memory
TGAGACACTCAAGC-1,2,CD56+ NK
TGAGCTGAATGCTG-1,1,CD14+ Monocyte
TGAGCTGACTGGAT-1,1,CD14+ Monocyte
TGAGCTGATGCTAG-1,1,CD14+ Monocyte
TGAGGACTCTCATT-1,1,CD14+ Monocyte
TGAGGACTTCATTC-1,0,CD4+/CD25 T Reg
TGAGGTACGAACCT-1,1,CD14+ Monocyte
TGAGTCGAGTTACG-1,3,Dendritic
TGAGTGACTGAGCT-1,0,CD4+/CD45RO+ Memory
TGATAAACGAATCC-1,0,CD4+/CD45RO+ Memory
TGATAAACTCCGTC-1,2,CD56+ NK
TGATAAACTTTCAC-1,0,CD8+/CD45RA+ Naive Cytotoxic
TGATACCTCACTAG-1,1,CD14+ Monocyte
TGATACCTGTTGGT-1,0,CD4+/CD25 T Reg
TGATACCTTATGCG-1,0,CD4+/CD25 T Reg
TGATACCTTGAAGA-1,0,CD4+/CD25 T Reg
TGATATGAACCTTT-1,0,CD8+/CD45RA+ Naive Cytotoxic
TGATCACTAGCATC-1,2,CD56+ NK
TGATCACTCTCGCT-1,0,CD4+/CD25 T Reg
TGATCACTTCTACT-1,3,CD19+ B
TGATCGGACTGACA-1,1,CD14+ Monocyte
TGATCGGAGGAGCA-1,3,CD19+ B
TGATCGGATATGCG-1,1,CD14+ Monocyte
TGATTAGACATTGG-1,0,CD4+/CD25 T Reg
TGATTAGATGACTG-1,3,CD19+ B
TGATTAGATGCTAG-1,0,CD4+/CD45RO+ Memory
TGATTCACTATGCG-1,0,CD4+/CD25 T Reg
TGATTCACTGTCAG-1,3,CD19+ B
TGATTCTGCCGAAT-1,0,CD4+/CD45RO+ Memory
TGATTCTGCTCTTA-1,0,CD4+/CD25 T Reg
TGCAAGTGAGAACA-1,0,CD4+/CD25 T Reg
TGCAAGTGGGTAGG-1,1,CD14+ Monocyte
TGCAATCTTCAGGT-1,4,Dendritic
TGCACAGACGACAT-1,2,CD56+ NK
TGCCAAGAGCAGTT-1,1,CD14+ Monocyte
TGCCAAGATCTCTA-1,0,CD4+/CD25 T Reg
TGCCACTGAACGTC-1,0,CD4+/CD25 T Reg
TGCCACTGCGATAC-1,2,CD56+ NK
TGCCAGCTTGGCAT-1,0,CD4+/CD25 T Reg
TGCCCAACAGCAAA-1,0,CD4+/CD25 T Reg
TGCCCAACCGCATA-1,1,CD14+ Monocyte
TGCCGACTCTCCCA-1,3,Dendritic
TGCGAAACAGTCAC-1,3,CD19+ B
TGCGAAACGTTGCA-1,3,CD19+ B
TGCGATGAACGGTT-1,0,CD4+/CD25 T Reg
TGCGATGACCTCGT-1,0,CD4+/CD25 T Reg
TGCGATGACTAGTG-1,3,CD19+ B
TGCGATGACTGCTC-1,3,CD19+ B
TGCGATGACTTGCC-1,3,CD19+ B
TGCGATGAGTGCTA-1,1,CD14+ Monocyte
TGCGCACTCTTGAG-1,1,CD14+ Monocyte
TGCGTAGAATAAGG-1,1,CD14+ Monocyte
TGCGTAGACGGGAA-1,3,CD19+ B
TGCGTAGATGGTCA-1,1,CD14+ Monocyte
TGCTAGGAAACCGT-1,2,CD56+ NK
TGCTAGGATAGTCG-1,0,CD4+/CD25 T Reg
TGCTATACGGTTCA-1,1,Dendritic
TGCTATACTGCTGA-1,2,CD56+ NK
TGCTGAGAGAGCAG-1,2,CD56+ NK
TGCTGAGATTATCC-1,0,CD4+/CD25 T Reg
TGGAAAGACTCTCG-1,3,CD19+ B
TGGAAAGAGCGATT-1,0,CD4+/CD25 T Reg
TGGAAAGAGGTCAT-1,1,CD14+ Monocyte
TGGAAAGATATGGC-1,0,CD56+ NK
TGGAACACAAACAG-1,2,CD56+ NK
TGGAACACGCTAAC-1,2,CD56+ NK
TGGAAGCTCAGATC-1,0,CD4+/CD25 T Reg
TGGACCCTACACTG-1,1,CD14+ Monocyte
TGGACCCTCATGGT-1,2,CD56+ NK
TGGACCCTGGTACT-1,1,CD14+ Monocyte
TGGACTGAGTATGC-1,0,CD4+/CD25 T Reg
TGGAGACTATCAGC-1,1,CD14+ Monocyte
TGGAGACTTCAAGC-1,0,CD8+/CD45RA+ Naive Cytotoxic
TGGAGACTTGACCA-1,2,CD56+ NK
TGGAGGGACGGAGA-1,1,CD14+ Monocyte
TGGAGGGAGCTATG-1,0,CD56+ NK
TGGATCGATAAAGG-1,0,CD4+/CD25 T Reg
TGGATGTGACCTAG-1,3,CD19+ B
TGGATGTGTGAAGA-1,3,CD19+ B
TGGATTCTCATACG-1,2,CD56+ NK
TGGCAATGCTTGTT-1,3,CD19+ B
TGGCACCTTCACGA-1,0,CD56+ NK
TGGCACCTTCAGTG-1,1,CD14+ Monocyte
TGGGTATGAAGAGT-1,0,CD4+/CD25 T Reg
TGGGTATGCACAAC-1,0,CD4+/CD25 T Reg
TGGGTATGGTACGT-1,3,CD19+ B
TGGGTATGTTTGGG-1,1,CD14+ Monocyte
TGGTAGACATGCCA-1,0,CD4+/CD45RO+ Memory
TGGTAGACCCTCAC-1,2,CD56+ NK
TGGTAGACCTGATG-1,0,CD4+/CD25 T Reg
TGGTAGTGCACTGA-1,1,CD14+ Monocyte
TGGTATCTAAACAG-1,0,CD8+/CD45RA+ Naive Cytotoxic
TGGTATCTCTTCCG-1,0,CD4+/CD25 T Reg
TGGTCAGACCCAAA-1,0,CD34+
TGGTTACTGACGTT-1,1,CD14+ Monocyte
TGGTTACTGTTCTT-1,0,CD8+/CD45RA+ Naive Cytotoxic
TGTAACCTAGAGGC-1,0,CD4+/CD25 T Reg
TGTAACCTTGCCTC-1,1,CD14+ Monocyte
TGTAATGACACAAC-1,2,CD56+ NK
TGTAATGAGGTAAA-1,2,CD56+ NK
TGTACTTGCTCTAT-1,1,CD14+ Monocyte
TGTAGGTGCGAGAG-1,3,CD19+ B
TGTAGGTGCTATGG-1,0,CD4+/CD45RO+ Memory
TGTAGGTGCTCTAT-1,4,Dendritic
TGTAGGTGTGCTGA-1,0,CD4+/CD25 T Reg
TGTAGTCTTCCAGA-1,0,CD34+
TGTAGTCTTGCACA-1,2,CD56+ NK
TGTATCTGTTAGGC-1,0,CD4+/CD25 T Reg
TGTATGCTCATGGT-1,3,CD19+ B
TGTATGCTGTAGGG-1,0,CD4+/CD25 T Reg
TGTATGCTTTCATC-1,0,CD4+/CD45RO+ Memory
TGTCAGGAATACCG-1,0,CD8+/CD45RA+ Naive Cytotoxic
TGTCAGGAGATGAA-1,1,CD14+ Monocyte
TGTCTAACCCCTTG-1,0,CD4+/CD45RO+ Memory
TGTGACGATTCTCA-1,2,CD56+ NK
TGTGAGACTGTCAG-1,1,CD14+ Monocyte
TGTGAGACTTGAGC-1,0,CD4+/CD25 T Reg
TGTGAGTGACCACA-1,0,CD4+/CD25 T Reg
TGTGAGTGAGTGCT-1,1,CD14+ Monocyte
TGTGAGTGGAGATA-1,2,CD56+ NK
TGTGATCTCTCTAT-1,3,CD19+ B
TGTGATCTGACACT-1,0,CD8+ Cytotoxic T
TGTGGATGGCCAAT-1,3,CD19+ B
TGTTAAGACAAAGA-1,1,CD14+ Monocyte
TGTTAAGATAAGGA-1,1,CD14+ Monocyte
TGTTACACCGCATA-1,1,CD14+ Monocyte
TGTTACACGACTAC-1,1,CD14+ Monocyte
TGTTACTGGCTACA-1,2,CD56+ NK
TGTTACTGTAGTCG-1,2,CD56+ NK
TTAACCACCGTAAC-1,0,CD8+ Cytotoxic T
TTAACCACTAAGGA-1,2,CD56+ NK
TTAACCACTCAGAC-1,2,CD56+ NK
TTACACACGTGTTG-1,0,CD4+/CD45RO+ Memory
TTACACACTCCTAT-1,0,CD4+/CD25 T Reg
TTACCATGAATCGC-1,1,CD14+ Monocyte
TTACCATGGTTGAC-1,0,CD4+/CD25 T Reg
TTACCATGTGTCTT-1,0,CD56+ NK
TTACCATGTTGTGG-1,3,CD19+ B
TTACGACTGAGAGC-1,0,CD4+/CD25 T Reg
TTACGACTTGACAC-1,1,CD14+ Monocyte
TTACGTACGTTCAG-1,5,CD14+ Monocyte
TTACTCGAAGAATG-1,1,CD14+ Monocyte
TTACTCGACGCAAT-1,4,Dendritic
TTACTCGAGGGTGA-1,0,CD4+/CD25 T Reg
TTACTCGATCTACT-1,2,CD56+ NK
TTAGAATGTGGTGT-1,0,CD4+/CD45RO+ Memory
TTAGAATGTGTAGC-1,0,CD4+/CD45RA+/CD25- Naive T
TTAGACCTCCTACC-1,0,CD4+/CD25 T Reg
TTAGACCTCCTTTA-1,1,CD14+ Monocyte
TTAGCTACAACCGT-1,0,CD4+/CD25 T Reg
TTAGCTACTGTCCC-1,1,CD14+ Monocyte
TTAGCTACTTTCGT-1,0,CD4+/CD25 T Reg
TTAGGGACGCGAAG-1,2,CD56+ NK
TTAGGGTGCTGGAT-1,3,CD19+ B
TTAGGGTGTCCTGC-1,1,CD14+ Monocyte
TTAGGTCTACTTTC-1,1,CD14+ Monocyte
TTAGTCACCAGTTG-1,0,CD4+/CD25 T Reg
TTAGTCTGAAAGCA-1,3,CD19+ B
TTAGTCTGCCAACA-1,2,CD56+ NK
TTAGTCTGTGCACA-1,0,CD4+/CD25 T Reg
TTATCCGACTAGTG-1,3,CD19+ B
TTATCCGAGAAAGT-1,1,CD14+ Monocyte
TTATGAGAGATAAG-1,0,CD56+ NK
TTATGCACGTCACA-1,3,CD19+ B
TTATGGCTTATGGC-1,4,Dendritic
TTATTCCTATGCTG-1,1,CD14+ Monocyte
TTATTCCTGGACAG-1,3,CD19+ B
TTATTCCTGGTACT-1,3,CD19+ B
TTATTCCTTCGTGA-1,0,CD4+/CD25 T Reg
TTCAAAGATAAAGG-1,2,CD56+ NK
TTCAACACAACAGA-1,0,CD4+/CD45RO+ Memory
TTCAACACCCCAAA-1,1,CD14+ Monocyte
TTCAACACGGACGA-1,1,CD14+ Monocyte
TTCAAGCTAAGAAC-1,1,CD14+ Monocyte
TTCAAGCTAGATGA-1,0,CD4+/CD25 T Reg
TTCAAGCTGTTGAC-1,0,CD4+/CD25 T Reg
TTCAAGCTTGATGC-1,0,CD4+/CD25 T Reg
TTCAAGCTTTCGCC-1,0,CD4+/CD45RA+/CD25- Naive T
TTCACAACCCGTTC-1,1,CD14+ Monocyte
TTCACAACGTCTGA-1,1,CD14+ Monocyte
TTCAGACTACCCAA-1,0,CD4+/CD45RO+ Memory
TTCAGACTCTCGAA-1,0,CD4+/CD45RO+ Memory
TTCAGTACCGACTA-1,0,CD4+/CD25 T Reg
TTCAGTACTCAAGC-1,0,CD8+/CD45RA+ Naive Cytotoxic
TTCAGTACTCCTAT-1,1,CD14+ Monocyte
TTCAGTTGCCAAGT-1,0,CD4+/CD25 T Reg
TTCAGTTGTCCTTA-1,4,Dendritic
TTCAGTTGTCTAGG-1,0,CD8+ Cytotoxic T
TTCAGTTGTCTCGC-1,3,CD19+ B
TTCATCGAGGTGGA-1,1,CD14+ Monocyte
TTCATGTGTGGTGT-1,0,CD4+/CD25 T Reg
TTCATTCTATGTCG-1,1,CD14+ Monocyte
TTCATTCTTCTCTA-1,0,CD4+/CD45RO+ Memory
TTCCAAACCTATGG-1,1,CD14+ Monocyte
TTCCAAACCTCCCA-1,3,CD19+ B
TTCCAAACTCCCAC-1,2,CD56+ NK
TTCCAAACTTGACG-1,2,CD56+ NK
TTCCATGACGAGAG-1,1,CD14+ Monocyte
TTCCATGACTGTCC-1,0,CD4+/CD25 T Reg
TTCCCACTTGAGGG-1,2,CD56+ NK
TTCCCACTTGTCTT-1,1,CD14+ Monocyte
TTCCTAGAAAGTGA-1,0,CD4+/CD25 T Reg
TTCCTAGACTAGTG-1,1,CD14+ Monocyte
TTCGAGGACTCTAT-1,0,CD4+/CD25 T Reg
TTCGAGGAGGGCAA-1,0,CD4+/CD25 T Reg
TTCGAGGATAGAAG-1,1,CD14+ Monocyte
TTCGATTGAGCATC-1,0,CD4+/CD45RO+ Memory
TTCGGAGAATGCCA-1,1,CD14+ Monocyte
TTCGGAGATGTGCA-1,0,CD4+/CD25 T Reg
TTCGTATGAAAAGC-1,2,CD56+ NK
TTCGTATGGATAGA-1,2,CD56+ NK
TTCGTATGGTCTGA-1,0,CD4+/CD25 T Reg
TTCGTATGTCCTTA-1,1,CD14+ Monocyte
TTCTACGAACGTAC-1,0,CD4+/CD25 T Reg
TTCTACGAGTTGGT-1,0,CD4+/CD25 T Reg
TTCTAGTGACACGT-1,0,CD4+/CD25 T Reg
TTCTAGTGCATGAC-1,1,CD14+ Monocyte
TTCTAGTGGAGAGC-1,2,CD56+ NK
TTCTAGTGGTCACA-1,1,CD14+ Monocyte
TTCTCAGAAGAGAT-1,0,CD4+/CD45RO+ Memory
TTCTCAGAAGCATC-1,3,CD19+ B
TTCTCAGATGGAGG-1,0,CD4+/CD25 T Reg
TTCTGATGGAGACG-1,2,CD56+ NK
TTCTTACTCTGGAT-1,1,CD14+ Monocyte
TTGAACCTCCTTGC-1,3,CD19+ B
TTGAATGAACTACG-1,1,CD14+ Monocyte
TTGAATGACTTACT-1,0,CD4+/CD25 T Reg
TTGAATGATCTCAT-1,3,CD19+ B
TTGACACTCTGTAG-1,0,CD8+ Cytotoxic T
TTGACACTGATAAG-1,3,CD19+ B
TTGAGGACAGAACA-1,1,CD14+ Monocyte
TTGAGGACTACGCA-1,4,Dendritic
TTGAGGTGGACGGA-1,0,CD4+/CD25 T Reg
TTGCATTGAGCTAC-1,2,CD56+ NK
TTGCATTGCTAAGC-1,1,CD14+ Monocyte
TTGCATTGTGACTG-1,0,CD4+/CD25 T Reg
TTGCTAACACCAAC-1,2,CD56+ NK
TTGCTAACACGCTA-1,1,CD14+ Monocyte
TTGCTAACCACTCC-1,0,CD8+/CD45RA+ Naive Cytotoxic
TTGCTATGGTACGT-1,1,CD14+ Monocyte
TTGCTATGGTAGGG-1,1,CD14+ Monocyte
TTGGAGACCAATCG-1,0,CD4+/CD25 T Reg
TTGGAGACGCTATG-1,1,CD14+ Monocyte
TTGGAGACTATGGC-1,3,CD19+ B
TTGGGAACTGAACC-1,0,CD8+/CD45RA+ Naive Cytotoxic
TTGGTACTACTGGT-1,1,CD14+ Monocyte
TTGGTACTCTTAGG-1,0,CD4+/CD25 T Reg
TTGGTACTGAATCC-1,3,CD19+ B
TTGGTACTGGATTC-1,3,CD19+ B
TTGTACACGTTGTG-1,3,CD19+ B
TTGTACACTTGCAG-1,0,CD4+/CD25 T Reg
TTGTAGCTAGCTCA-1,0,CD4+/CD45RO+ Memory
TTGTAGCTCTCTTA-1,3,CD19+ B
TTGTCATGGACGGA-1,2,CD56+ NK
TTTAGAGATCCTCG-1,3,CD19+ B
TTTAGCTGATACCG-1,0,CD8+/CD45RA+ Naive Cytotoxic
TTTAGCTGGATACC-1,1,CD14+ Monocyte
TTTAGCTGTACTCT-1,4,Dendritic
TTTAGGCTCCTTTA-1,1,CD14+ Monocyte
TTTATCCTGTTGTG-1,1,CD14+ Monocyte
TTTCACGAGGTTCA-1,0,CD4+/CD25 T Reg
TTTCAGTGGAAGGC-1,2,CD56+ NK
TTTCAGTGTCACGA-1,3,CD19+ B
TTTCAGTGTCTATC-1,1,CD14+ Monocyte
TTTCAGTGTGCAGT-1,3,CD19+ B
TTTCCAGAGGTGAG-1,0,CD4+/CD45RO+ Memory
TTTCGAACACCTGA-1,4,Dendritic
TTTCGAACTCTCAT-1,1,Dendritic
TTTCTACTGAGGCA-1,3,CD19+ B
TTTCTACTTCCTCG-1,3,CD19+ B
TTTGCATGAGAGGC-1,3,CD19+ B
TTTGCATGCCTCAC-1,0,CD4+/CD25 T Reg
